TransactionID,Items
1,"TELUR,SAUS,MIE INSTAN"
2,"SUSU,KEJU,ROTI,KRIMER"
3,"BISKUIT,GULA,COKLAT,AIR MINERAL,TEH"
4,"PASTA GIGI,SAUS,SHAMPOO,SABUN"
5,"PASTA GIGI,SHAMPOO,SABUN,BERAS,MIE INSTAN,KRIMER"
6,"MIE INSTAN,SABUN,GULA,AIR MINERAL,SAUS,TELUR"
7,"KEJU,SEREAL,COKLAT,SAUS,MIE INSTAN"
8,"BISKUIT,SUSU,COKLAT,TEH,KRIMER"
9,"BISKUIT,KEJU,SEREAL,COKLAT,TEH,SAUS"
10,"KEJU,BERAS,MINYAK,TELUR"
11,"SUSU,SELai,BERAS,AIR MINERAL,ROTI"
12,"BERAS,BISKUIT,GULA"
13,"PASTA GIGI,SHAMPOO,SABUN,BERAS,ROTI"
14,"BISKUIT,MINYAK,COKLAT,AIR MINERAL,SNACK"
15,"PASTA GIGI,SHAMPOO,SABUN"
16,"SAUS,COKLAT,MIE INSTAN"
17,"PASTA GIGI,SHAMPOO,SABUN,SUSU,KOPI,AIR MINERAL"
18,"MIE INSTAN,BISKUIT,COKLAT,SAUS,TELUR"
19,"PASTA GIGI,SUSU,SEREAL,COKLAT,SAUS,ROTI"
20,"TELUR,SAUS,MIE INSTAN,SEREAL"
21,"SELai,KEJU,ROTI"
22,"MINYAK,GULA,BERAS,SELai,TEH,TELUR"
23,"TEH,SHAMPOO"
24,"TELUR,SAUS,MIE INSTAN,SHAMPOO"
25,"KEJU,SUSU,COKLAT,AIR MINERAL,TEH,ROTI"
26,"PASTA GIGI,MIE INSTAN,SELai,SABUN"
27,"BISKUIT,GULA,SELai,TEH,SNACK"
28,"KOPI,GULA,KRIMER"
29,"SHAMPOO,MINYAK,BERAS,AIR MINERAL,TELUR,ROTI"
30,"TEH,COKLAT,MIE INSTAN"
31,"PASTA GIGI,COKLAT,SHAMPOO,SABUN"
32,"TELUR,SAUS,MIE INSTAN,SELai"
33,"SABUN,BISKUIT,GULA,SUSU,SELai,TEH,SAUS"
34,"TELUR,GULA,MIE INSTAN"
35,"MINYAK,SAUS,KEJU"
36,"SNACK,SAUS,AIR MINERAL"
37,"PASTA GIGI,SHAMPOO,SABUN,MINYAK,AIR MINERAL,TEH"
38,"SNACK,SELai,SUSU,ROTI"
39,"SNACK,SUSU,KEJU,ROTI"
40,"SNACK,PASTA GIGI,GULA,AIR MINERAL"
41,"SELai,SAUS,MIE INSTAN"
42,"SNACK,KEJU,SHAMPOO,SABUN"
43,"BISKUIT,GULA,SUSU,KOPI,ROTI,KRIMER"
44,"SABUN,BISKUIT,GULA,TEH,KRIMER"
45,"KOPI,GULA,KRIMER"
46,"KEJU,SUSU,SEREAL,SELai,ROTI,KRIMER"
47,"PASTA GIGI,KEJU,SUSU,SEREAL,KOPI"
48,"SUSU,MIE INSTAN,KEJU,ROTI"
49,"MIE INSTAN,BISKUIT,KEJU,SAUS,TELUR,ROTI"
50,"MINYAK,GULA,SUSU,TEH,KRIMER"
51,"COKLAT,SUSU,SEREAL,ROTI"
52,"SUSU,KOPI,SELai,AIR MINERAL,MIE INSTAN,ROTI,KRIMER"
53,"SELai,MINYAK,TELUR,ROTI"
54,"KOPI,GULA,SEREAL"
55,"BISKUIT,MINYAK,GULA,AIR MINERAL,TEH,TELUR"
56,"TEH,MINYAK,KOPI"
57,"SUSU,SELai,SAUS,MIE INSTAN,ROTI"
58,"ROTI,SABUN"
59,"KOPI,BERAS,MINYAK,SELai"
60,"TEH,BISKUIT,GULA,SUSU"
61,"MINYAK,SUSU,KOPI,BERAS,TELUR,MIE INSTAN"
62,"SELai,MIE INSTAN,ROTI"
63,"PASTA GIGI,BISKUIT,MINYAK,KEJU,SUSU,COKLAT"
64,"MIE INSTAN,MINYAK,GULA,KOPI,SAUS,TELUR"
65,"MINYAK,KEJU,SUSU,SEREAL"
66,"TEH,PASTA GIGI,MIE INSTAN"
67,"SUSU,SEREAL,AIR MINERAL,TELUR,ROTI"
68,"PASTA GIGI,SHAMPOO,SABUN,KEJU,SNACK"
69,"MINYAK,SUSU,SEREAL,TEH,ROTI"
70,"PASTA GIGI,SHAMPOO,SABUN,BISKUIT,SUSU,COKLAT,ROTI"
71,"SUSU,SELai,TEH,ROTI,KRIMER"
72,"TEH,SELai,BISKUIT"
73,"MINYAK,BERAS,AIR MINERAL,SNACK,ROTI"
74,"SNACK,BISKUIT,MIE INSTAN,AIR MINERAL"
75,"SHAMPOO,SABUN,GULA,SELai,AIR MINERAL,MIE INSTAN"
76,"PASTA GIGI,SABUN,BISKUIT,KEJU,AIR MINERAL,SNACK"
77,"PASTA GIGI,SHAMPOO,SABUN"
78,"PASTA GIGI,SUSU,SHAMPOO,SELai"
79,"BISKUIT,SUSU,SEREAL,ROTI"
80,"BERAS,TELUR,SELai"
81,"SABUN,BISKUIT,MINYAK,SUSU,SELai,AIR MINERAL,ROTI"
82,"KOPI,SNACK,GULA,KRIMER"
83,"SHAMPOO,SABUN,MINYAK,BERAS,AIR MINERAL"
84,"SHAMPOO,MINYAK,KEJU,SUSU,SELai"
85,"SABUN,GULA,KOPI,AIR MINERAL,SAUS,TELUR,KRIMER"
86,"KOPI,KRIMER"
87,"PASTA GIGI,SUSU,SHAMPOO,SABUN"
88,"PASTA GIGI,SHAMPOO,SABUN,MINYAK,SUSU,BERAS"
89,"SUSU,SEREAL,ROTI"
90,"TEH,KOPI,GULA"
91,"BISKUIT,GULA,SELai,TEH,TELUR"
92,"SABUN,BISKUIT,SUSU,AIR MINERAL,SNACK"
93,"SAUS,BERAS,MINYAK,TELUR"
94,"KEJU,SUSU,SEREAL,BERAS,SNACK,ROTI"
95,"TEH,MIE INSTAN,BISKUIT,GULA"
96,"COKLAT,SEREAL"
97,"SHAMPOO,MINYAK,KEJU,SUSU,KOPI,ROTI"
98,"PASTA GIGI,MIE INSTAN,MINYAK,SAUS,TELUR"
99,"SABUN,MINYAK,SUSU,SEREAL,SNACK"
100,"BERAS,SUSU"
101,"SHAMPOO,BISKUIT,KOPI,COKLAT,AIR MINERAL,SNACK"
102,"BISKUIT,KEJU,SUSU,SELai,ROTI"
103,"SELai,KEJU,ROTI"
104,"KOPI,COKLAT,SHAMPOO,SABUN"
105,"MIE INSTAN,SNACK,TEH,SAUS,TELUR"
106,"SABUN,BISKUIT,MINYAK,SEREAL,BERAS,AIR MINERAL,TELUR"
107,"BISKUIT,SUSU,SEREAL,MIE INSTAN,ROTI"
108,"KEJU,SUSU,SHAMPOO,ROTI"
109,"SUSU,SEREAL,TEH,MIE INSTAN,ROTI"
110,"TEH,BISKUIT,GULA,SUSU"
111,"SHAMPOO,GULA,KOPI,COKLAT,KRIMER"
112,"SHAMPOO,SABUN,BISKUIT,SAUS,MIE INSTAN"
113,"KOPI,GULA,KRIMER"
114,"PASTA GIGI,TELUR,SHAMPOO,SABUN"
115,"SELai,ROTI"
116,"PASTA GIGI,MIE INSTAN,BERAS,SAUS,TELUR"
117,"BISKUIT,GULA,AIR MINERAL,TEH,SNACK,MIE INSTAN"
118,"TEH,BISKUIT,SAUS,GULA"
119,"TEH,BISKUIT,MINYAK,GULA"
120,"SNACK,SELai,BISKUIT,AIR MINERAL"
121,"SUSU,SEREAL,SELai,ROTI,KRIMER"
122,"PASTA GIGI,SHAMPOO,SABUN,SUSU,TELUR"
123,"TELUR,COKLAT,MIE INSTAN,SABUN"
124,"SABUN,MINYAK,GULA,SUSU,SEREAL,KRIMER"
125,"MINYAK,BERAS,COKLAT,SNACK,TELUR"
126,"GULA,KOPI,SNACK,SAUS,KRIMER"
127,"BISKUIT,MINYAK,AIR MINERAL,SNACK,SAUS"
128,"BISKUIT,COKLAT,AIR MINERAL,SAUS,MIE INSTAN"
129,"SABUN,MINYAK,GULA,BERAS,AIR MINERAL,TELUR,KRIMER"
130,"PASTA GIGI,SABUN,MINYAK,KOPI,BERAS,AIR MINERAL,TELUR"
131,"PASTA GIGI,SHAMPOO,SABUN,GULA,COKLAT,ROTI"
132,"SHAMPOO,SUSU,SEREAL,KOPI,SELai,MIE INSTAN"
133,"SABUN,SUSU,SELai,MIE INSTAN,ROTI,KRIMER"
134,"PASTA GIGI,MIE INSTAN,MINYAK,SUSU,SAUS,TELUR"
135,"BERAS,BISKUIT,ROTI,AIR MINERAL"
136,"COKLAT,SUSU"
137,"SHAMPOO,SABUN,KEJU,KOPI,TEH"
138,"SABUN,BISKUIT,SUSU,COKLAT,AIR MINERAL"
139,"SABUN,BISKUIT,SELai,AIR MINERAL,SNACK,ROTI"
140,"SHAMPOO,BISKUIT,GULA,SUSU,BERAS,COKLAT"
141,"GULA,SHAMPOO,SABUN"
142,"SELai,SUSU,ROTI,SABUN"
143,"MINYAK,TELUR,SAUS,MIE INSTAN"
144,"MIE INSTAN,KEJU,BERAS,TELUR,KRIMER"
145,"SHAMPOO,BISKUIT,GULA,BERAS,AIR MINERAL"
146,"BISKUIT,MINYAK,SUSU,SELai,COKLAT,KRIMER"
147,"SAUS,MIE INSTAN,SABUN"
148,"SELai,BISKUIT,ROTI"
149,"PASTA GIGI,GULA,KOPI,SELai,KRIMER"
150,"KRIMER,SAUS,SHAMPOO,SABUN"
151,"SNACK,BISKUIT,COKLAT,SHAMPOO"
152,"SABUN,SUSU,KOPI,SELai,TEH,ROTI"
153,"TEH,MINYAK,KEJU,SUSU,SNACK,ROTI"
154,"SHAMPOO,SUSU,SEREAL,SELai,BERAS,MIE INSTAN,ROTI"
155,"BISKUIT,SUSU,KOPI,BERAS,COKLAT"
156,"KOPI,GULA,KEJU,KRIMER"
157,"KEJU,SEREAL,AIR MINERAL"
158,"BISKUIT,GULA,COKLAT,TEH,MIE INSTAN"
159,"GULA,KOPI,TEH,TELUR,KRIMER"
160,"MINYAK,SEREAL,BERAS,AIR MINERAL,TELUR"
161,"SUSU,KEJU,ROTI,SHAMPOO"
162,"SABUN,SUSU,SEREAL,ROTI"
163,"MIE INSTAN,SEREAL,BERAS,AIR MINERAL,TELUR,KRIMER"
164,"GULA,SUSU,KOPI,BERAS,SNACK,KRIMER"
165,"KEJU,BERAS,MINYAK,TELUR"
166,"SUSU,COKLAT,KEJU,ROTI"
167,"MIE INSTAN,BISKUIT,GULA,AIR MINERAL,SNACK,TELUR"
168,"AIR MINERAL,TELUR,SUSU,ROTI"
169,"PASTA GIGI,MIE INSTAN,SHAMPOO,SABUN,MINYAK,SNACK,TELUR"
170,"GULA,SEREAL,AIR MINERAL,SNACK,ROTI"
171,"BISKUIT,SEREAL,AIR MINERAL,SNACK,MIE INSTAN"
172,"BERAS,MINYAK,TELUR,SABUN"
173,"TELUR,GULA,SAUS,MIE INSTAN"
174,"MINYAK,BERAS,AIR MINERAL,TELUR,KRIMER"
175,"TEH,TELUR,BISKUIT,GULA"
176,"COKLAT,TELUR,SUSU,AIR MINERAL"
177,"TELUR,SUSU,ROTI"
178,"KOPI,SAUS,GULA,SUSU"
179,"KOPI,GULA,KRIMER"
180,"SNACK,SABUN,BISKUIT,AIR MINERAL"
181,"SABUN,KEJU,SUSU,GULA,KOPI,ROTI"
182,"BISKUIT,SHAMPOO,AIR MINERAL"
183,"BISKUIT,AIR MINERAL,SNACK,TELUR,KRIMER"
184,"PASTA GIGI,KEJU,SUSU,SEREAL,BERAS,ROTI"
185,"MIE INSTAN,SUSU,SEREAL,ROTI"
186,"SABUN,BISKUIT,MINYAK,KEJU,SUSU,SELai,ROTI"
187,"PASTA GIGI,SHAMPOO,SABUN,BISKUIT,SUSU,SEREAL,TELUR"
188,"SNACK,MINYAK,AIR MINERAL"
189,"MIE INSTAN,GULA,AIR MINERAL,SAUS,TELUR"
190,"MINYAK,BISKUIT,COKLAT"
191,"GULA,KEJU,SEREAL,BERAS,TEH"
192,"MIE INSTAN,SEREAL,SELai,AIR MINERAL,SAUS,TELUR"
193,"BERAS,MINYAK,TELUR,AIR MINERAL"
194,"BISKUIT,COKLAT,KEJU,SUSU"
195,"BISKUIT,SUSU,SEREAL,KOPI,ROTI"
196,"SUSU,KOPI,COKLAT,TELUR,ROTI,KRIMER"
197,"KEJU,SUSU,SEREAL,TEH,SAUS,ROTI"
198,"BERAS,GULA,TELUR"
199,"SELai,SUSU,ROTI"
200,"PASTA GIGI,BISKUIT,MINYAK,SUSU,AIR MINERAL,SNACK,ROTI"
201,"PASTA GIGI,MIE INSTAN,GULA,SELai,TEH,SAUS,TELUR"
202,"TEH,PASTA GIGI,ROTI,SABUN"
203,"KOPI,SUSU,ROTI"
204,"PASTA GIGI,BISKUIT,SELai,COKLAT,AIR MINERAL,SNACK"
205,"BERAS,MINYAK"
206,"MINYAK,GULA,KOPI,COKLAT,SNACK,KRIMER"
207,"PASTA GIGI,BERAS,SHAMPOO,SABUN"
208,"MINYAK,SEREAL,KOPI,MIE INSTAN,KRIMER"
209,"TEH,BERAS,BISKUIT,GULA"
210,"PASTA GIGI,SUSU,SEREAL,ROTI,KRIMER"
211,"MIE INSTAN,SEREAL,SELai,SAUS,TELUR"
212,"MIE INSTAN,COKLAT,SAUS,TELUR,KRIMER"
213,"SABUN,BISKUIT,SUSU,COKLAT,SNACK,ROTI"
214,"MINYAK,GULA,SUSU,BERAS,COKLAT,TEH,TELUR"
215,"MINYAK,GULA,SEREAL,BERAS,COKLAT,TEH,TELUR"
216,"KEJU,TELUR,MIE INSTAN"
217,"BISKUIT,COKLAT,SUSU,SABUN"
218,"PASTA GIGI,SABUN,BISKUIT,GULA,SUSU,COKLAT,TELUR"
219,"PASTA GIGI,MIE INSTAN"
220,"PASTA GIGI,SUSU,SEREAL,SELai,COKLAT,SAUS,ROTI"
221,"BISKUIT,KEJU,GULA,BERAS,TELUR"
222,"MIE INSTAN,BISKUIT,SUSU,TEH,SAUS,TELUR"
223,"MIE INSTAN,BERAS,TEH,SAUS,TELUR"
224,"PASTA GIGI,BISKUIT,SUSU,COKLAT,TELUR"
225,"MIE INSTAN,SEREAL,KOPI,TEH,SAUS,TELUR"
226,"SUSU,SELai,SNACK,TELUR,ROTI"
227,"TELUR,BISKUIT,MIE INSTAN"
228,"BISKUIT,KEJU,SUSU,COKLAT,SAUS"
229,"SABUN,SUSU,SELai,TEH,ROTI"
230,"SABUN,BISKUIT,SEREAL,AIR MINERAL,SNACK,ROTI"
231,"SUSU,AIR MINERAL,SAUS,TELUR,ROTI"
232,"KOPI,PASTA GIGI,GULA"
233,"TELUR,MIE INSTAN,PASTA GIGI,SABUN"
234,"SHAMPOO,SABUN,MINYAK,GULA,SEREAL,KOPI"
235,"PASTA GIGI,SEREAL,SHAMPOO,SABUN"
236,"TEH,TELUR,COKLAT,GULA"
237,"SABUN,SUSU,SHAMPOO,ROTI"
238,"BISKUIT,SUSU,COKLAT,AIR MINERAL,TELUR,ROTI"
239,"BISKUIT,SUSU,SELai,COKLAT,TEH,MIE INSTAN"
240,"SHAMPOO,GULA,KOPI,AIR MINERAL,MIE INSTAN,KRIMER"
241,"MINYAK,GULA,KOPI,TEH,KRIMER"
242,"PASTA GIGI,GULA,SEREAL,KOPI,SAUS,KRIMER"
243,"BERAS,SAUS,MIE INSTAN"
244,"BISKUIT,SUSU,SEREAL,KOPI,AIR MINERAL,SNACK"
245,"SNACK,TELUR,SAUS,MIE INSTAN"
246,"SABUN,MINYAK,BERAS,COKLAT,SAUS,TELUR"
247,"SNACK,SABUN,AIR MINERAL"
248,"KOPI,BISKUIT,GULA,KRIMER"
249,"GULA,SUSU,SEREAL,TEH,ROTI"
250,"SUSU,SEREAL,BERAS,TELUR,MIE INSTAN"
251,"PASTA GIGI,SHAMPOO,SABUN,BISKUIT,SNACK,SAUS"
252,"BERAS,MINYAK,TELUR"
253,"TEH,TELUR,MIE INSTAN,AIR MINERAL"
254,"SABUN,MINYAK,BERAS,TEH,TELUR"
255,"SELai,SUSU,ROTI,SEREAL"
256,"BISKUIT,COKLAT,KRIMER"
257,"KOPI,TELUR,SHAMPOO,SABUN"
258,"BISKUIT,SUSU,SELai,COKLAT,KRIMER"
259,"BERAS,MINYAK,KEJU"
260,"SABUN,SELai,SNACK,ROTI,KRIMER"
261,"SUSU,KOPI,SELai,MIE INSTAN,ROTI"
262,"SELai,SUSU,ROTI"
263,"SHAMPOO,SUSU,SEREAL,MIE INSTAN,ROTI"
264,"BISKUIT,SUSU,SEREAL,COKLAT,ROTI,KRIMER"
265,"SAUS,COKLAT,KEJU,ROTI"
266,"BERAS,MINYAK,TELUR,SELai"
267,"SABUN,BISKUIT,AIR MINERAL,SNACK,TELUR"
268,"PASTA GIGI,SHAMPOO,BISKUIT,MINYAK,COKLAT,SNACK"
269,"COKLAT,SUSU,SABUN"
270,"BISKUIT,MINYAK,AIR MINERAL,SNACK,TELUR"
271,"PASTA GIGI,KEJU,SUSU"
272,"PASTA GIGI,SUSU,SEREAL,SELai,ROTI"
273,"SUSU,AIR MINERAL,TEH,TELUR,ROTI"
274,"KEJU,TELUR,SAUS,MIE INSTAN"
275,"KOPI,COKLAT,SUSU"
276,"MIE INSTAN,COKLAT,SNACK,SAUS,TELUR,ROTI"
277,"PASTA GIGI,SHAMPOO,SABUN,COKLAT,TEH"
278,"SABUN,BISKUIT,GULA,TEH,KRIMER"
279,"BISKUIT,KEJU,SUSU,SELai,ROTI"
280,"SUSU,SEREAL,SELai,BERAS,TELUR,ROTI"
281,"SABUN,KEJU,SUSU,SELai,MIE INSTAN,ROTI"
282,"MINYAK,KEJU,SUSU,SELai,SAUS,ROTI"
283,"BERAS,SAUS,TELUR,SHAMPOO"
284,"PASTA GIGI,KEJU,KOPI,BERAS,ROTI,KRIMER"
285,"BISKUIT,GULA,COKLAT,AIR MINERAL,TEH"
286,"TEH,KOPI,AIR MINERAL,SNACK,MIE INSTAN"
287,"PASTA GIGI,SHAMPOO,SABUN,GULA,SEREAL,BERAS"
288,"PASTA GIGI,SHAMPOO,SABUN,AIR MINERAL,TEH,KRIMER"
289,"SHAMPOO,SABUN,KEJU,COKLAT,MIE INSTAN"
290,"SUSU,SEREAL,AIR MINERAL,TELUR,ROTI"
291,"TEH,BISKUIT,GULA"
292,"PASTA GIGI,SABUN,GULA,KOPI,COKLAT,TELUR,KRIMER"
293,"KEJU,SUSU,SELai,BERAS,ROTI"
294,"SHAMPOO,TEH,SUSU,SEREAL,KOPI,SNACK,ROTI"
295,"SHAMPOO,TEH,MINYAK,KOPI,BERAS,SNACK,TELUR"
296,"SNACK,GULA,SUSU"
297,"MIE INSTAN,BISKUIT,GULA,SELai,AIR MINERAL,SNACK,TELUR"
298,"BISKUIT,MINYAK,GULA,TEH,ROTI"
299,"PASTA GIGI,SHAMPOO,SABUN,GULA,TELUR,ROTI"
300,"SABUN,BISKUIT,KEJU,SUSU,AIR MINERAL,SAUS,ROTI"
301,"SHAMPOO,MINYAK,KEJU,BERAS,TELUR,ROTI"
302,"SHAMPOO,BISKUIT,GULA,TEH,ROTI"
303,"MINYAK,BERAS,TELUR,TEH,SNACK,MIE INSTAN"
304,"GULA,KEJU,TEH,TELUR,ROTI"
305,"COKLAT,SUSU,SHAMPOO,ROTI"
306,"BISKUIT,TELUR,TEH,SNACK,MIE INSTAN"
307,"BISKUIT,GULA,SELai,COKLAT,TEH"
308,"MIE INSTAN,GULA,KOPI,AIR MINERAL,TELUR,KRIMER"
309,"SHAMPOO,BISKUIT,SELai,TEH,ROTI"
310,"COKLAT,SUSU,SEREAL"
311,"SAUS,BISKUIT,COKLAT,SUSU"
312,"PASTA GIGI,BERAS,SABUN"
313,"TEH,BISKUIT,GULA,KOPI,AIR MINERAL,SNACK"
314,"SABUN,SUSU,COKLAT,AIR MINERAL,TEH"
315,"BISKUIT,KEJU,SUSU,MIE INSTAN,ROTI"
316,"BISKUIT,SUSU,KOPI,SELai,ROTI"
317,"BERAS,KEJU,SUSU,SEREAL"
318,"PASTA GIGI,SAUS,SHAMPOO,SABUN"
319,"SELai,SUSU,ROTI"
320,"SHAMPOO,SABUN,KEJU,TEH,SNACK"
321,"KOPI,MIE INSTAN,GULA,KRIMER"
322,"TEH,BISKUIT,SEREAL,AIR MINERAL,SNACK,MIE INSTAN"
323,"SABUN,MINYAK,SUSU,SEREAL,COKLAT,TELUR"
324,"SELai,KEJU"
325,"MIE INSTAN,SNACK,SAUS,TELUR,KRIMER"
326,"KOPI,SNACK,AIR MINERAL"
327,"SHAMPOO,SELai,SNACK,MIE INSTAN,ROTI"
328,"SAUS,MIE INSTAN,SABUN"
329,"SELai,SUSU,ROTI,AIR MINERAL"
330,"SNACK,BERAS,BISKUIT,AIR MINERAL"
331,"GULA,SUSU,ROTI"
332,"PASTA GIGI,KRIMER,SHAMPOO,SABUN"
333,"BISKUIT,MINYAK,COKLAT,AIR MINERAL,SNACK"
334,"BERAS,AIR MINERAL,TELUR,KRIMER"
335,"PASTA GIGI,MINYAK,KOPI,BERAS,SELai,TELUR"
336,"KOPI,BERAS,SELai,AIR MINERAL,SNACK,KRIMER"
337,"SNACK,BISKUIT,GULA,AIR MINERAL"
338,"SELai,SHAMPOO,SABUN"
339,"BISKUIT,GULA,KEJU,SELai,COKLAT,TEH"
340,"PASTA GIGI,TELUR,SHAMPOO,SABUN"
341,"SNACK,BISKUIT,KEJU,SUSU"
342,"TEH,BISKUIT,MINYAK,GULA"
343,"MINYAK,COKLAT,SUSU,SEREAL"
344,"PASTA GIGI,BISKUIT,MINYAK,KEJU,SNACK,ROTI"
345,"SUSU,SELai,COKLAT,TEH,TELUR,ROTI"
346,"PASTA GIGI,BISKUIT,BERAS,AIR MINERAL,TELUR"
347,"TEH,BISKUIT,GULA,SABUN"
348,"MINYAK,GULA,SUSU,BERAS,TELUR"
349,"PASTA GIGI,ROTI,SHAMPOO,SABUN"
350,"BISKUIT,SUSU,KOPI,COKLAT,TEH,ROTI"
351,"TEH,SHAMPOO"
352,"BISKUIT,GULA,SELai,AIR MINERAL,TEH"
353,"PASTA GIGI,SHAMPOO,SABUN,SUSU,SEREAL"
354,"BISKUIT,SEREAL,COKLAT,AIR MINERAL,SNACK,ROTI"
355,"KOPI,SUSU,SHAMPOO,SABUN"
356,"BISKUIT,KEJU,SUSU,TEH,TELUR,ROTI"
357,"SHAMPOO,BISKUIT,GULA,SUSU,AIR MINERAL,TEH"
358,"BISKUIT,AIR MINERAL,SNACK,SAUS,TELUR"
359,"SNACK,PASTA GIGI,AIR MINERAL"
360,"KOPI,KRIMER"
361,"PASTA GIGI,TELUR,SHAMPOO,SABUN"
362,"KOPI,GULA,KEJU,KRIMER"
363,"KOPI,BISKUIT,COKLAT"
364,"KEJU,SUSU,KOPI,AIR MINERAL,TEH,ROTI"
365,"MIE INSTAN,COKLAT,KEJU,SUSU"
366,"KEJU,SUSU,SEREAL,BERAS,ROTI"
367,"MIE INSTAN,SELai,TEH,SAUS,TELUR"
368,"TELUR,MIE INSTAN,KRIMER"
369,"PASTA GIGI,COKLAT,SHAMPOO,SABUN"
370,"BISKUIT,GULA,KOPI,COKLAT,SNACK,MIE INSTAN,KRIMER"
371,"GULA,KEJU,SUSU,COKLAT,KRIMER"
372,"KEJU,SUSU,KOPI,SNACK,ROTI"
373,"SUSU,SELai,TEH,SAUS,ROTI,KRIMER"
374,"BISKUIT,BERAS,COKLAT,TELUR,KRIMER"
375,"SUSU,MINYAK,KEJU,ROTI"
376,"SABUN,BISKUIT,SUSU,KOPI,TEH"
377,"BISKUIT,MINYAK,BERAS,AIR MINERAL,SNACK,SAUS"
378,"COKLAT,SAUS,MIE INSTAN,KRIMER"
379,"BISKUIT,SUSU,SEREAL,BERAS,ROTI"
380,"SABUN,MINYAK,SUSU,SEREAL,BERAS,TELUR"
381,"PASTA GIGI,MIE INSTAN,MINYAK,COKLAT,AIR MINERAL,SAUS,TELUR"
382,"KEJU,TELUR,SAUS,MIE INSTAN"
383,"TEH,COKLAT"
384,"SNACK,PASTA GIGI,SHAMPOO,SABUN"
385,"SHAMPOO,SUSU,SELai,TEH,ROTI"
386,"SHAMPOO,SUSU,SEREAL,SELai,TEH,ROTI,KRIMER"
387,"SABUN,KEJU,SUSU,COKLAT,ROTI"
388,"MIE INSTAN,BISKUIT,KEJU,BERAS,COKLAT,SAUS,TELUR"
389,"SNACK,TEH,BISKUIT,AIR MINERAL"
390,"SAUS,BERAS,BISKUIT,COKLAT"
391,"BISKUIT,SUSU,SEREAL,BERAS,ROTI"
392,"SNACK,SUSU,ROTI"
393,"TEH,BISKUIT,GULA,SABUN"
394,"TEH,BISKUIT,MINYAK,GULA"
395,"BISKUIT,MINYAK,BERAS,AIR MINERAL,SNACK,TELUR"
396,"PASTA GIGI,MIE INSTAN,MINYAK,COKLAT,AIR MINERAL,SAUS,TELUR"
397,"KOPI,MIE INSTAN,KRIMER"
398,"TEH,BISKUIT,SNACK,GULA"
399,"PASTA GIGI,SABUN,SUSU,KOPI,COKLAT,MIE INSTAN"
400,"SABUN,BISKUIT,GULA,SEREAL,TEH"
401,"PASTA GIGI,SHAMPOO,SABUN,SEREAL,KOPI"
402,"SNACK,BISKUIT,MIE INSTAN,AIR MINERAL"
403,"PASTA GIGI,SHAMPOO,SUSU,SELai,ROTI"
404,"BISKUIT,MINYAK,GULA,BERAS,TEH,TELUR,KRIMER"
405,"TELUR,SAUS,MIE INSTAN"
406,"SABUN,BISKUIT,MINYAK,GULA,AIR MINERAL,TEH"
407,"TEH,MINYAK,BISKUIT,COKLAT"
408,"SNACK,PASTA GIGI,SHAMPOO,SABUN"
409,"PASTA GIGI,SHAMPOO,SABUN,SUSU,KRIMER"
410,"BISKUIT,COKLAT,SUSU,SEREAL"
411,"PASTA GIGI,BISKUIT,GULA,BERAS,TEH,SNACK"
412,"BISKUIT,KEJU,SUSU,COKLAT,TEH,SAUS,KRIMER"
413,"SELai,SUSU,SAUS,ROTI"
414,"MINYAK,KEJU,BERAS,SNACK,TELUR"
415,"PASTA GIGI,SHAMPOO,SABUN,AIR MINERAL,SAUS"
416,"BISKUIT,KEJU,GULA,SEREAL,KOPI,AIR MINERAL,SNACK"
417,"SHAMPOO,SABUN,MINYAK,COKLAT,AIR MINERAL,SNACK"
418,"TEH,BISKUIT,GULA,AIR MINERAL,SNACK"
419,"PASTA GIGI,SHAMPOO,SUSU,SEREAL,AIR MINERAL,SNACK,ROTI"
420,"MIE INSTAN,SABUN,GULA,AIR MINERAL,SAUS,TELUR"
421,"GULA,SUSU,KEJU,TEH,ROTI"
422,"SNACK,SABUN,AIR MINERAL"
423,"KEJU,MINYAK,SAUS,MIE INSTAN"
424,"BISKUIT,GULA,SUSU,COKLAT,SNACK"
425,"BISKUIT,MINYAK,BERAS,TEH,TELUR"
426,"TELUR,SUSU,SEREAL"
427,"SELai,TELUR,SABUN"
428,"SHAMPOO,SUSU,SELai,SNACK,TELUR,ROTI"
429,"PASTA GIGI,BERAS,SHAMPOO,SABUN"
430,"SHAMPOO,SABUN,BISKUIT,KEJU,SUSU,ROTI"
431,"COKLAT,SUSU,SABUN"
432,"SHAMPOO,MINYAK,BERAS,COKLAT,ROTI"
433,"SHAMPOO,SUSU,SEREAL,SNACK,ROTI"
434,"BERAS,MIE INSTAN"
435,"SNACK,SABUN,COKLAT,AIR MINERAL"
436,"KOPI,TEH,COKLAT,KRIMER"
437,"COKLAT,ROTI"
438,"BERAS,GULA,MINYAK,TELUR"
439,"SUSU,SEREAL,KOPI,COKLAT,MIE INSTAN,KRIMER"
440,"PASTA GIGI,SABUN,BISKUIT,GULA,TEH"
441,"KOPI,MINYAK,GULA,KRIMER"
442,"SELai,SUSU,MIE INSTAN,ROTI"
443,"TELUR,MIE INSTAN,BERAS"
444,"SABUN,SUSU,SEREAL,SELai,ROTI"
445,"SABUN,BISKUIT,GULA,KEJU,TEH,ROTI,KRIMER"
446,"MIE INSTAN,BISKUIT,MINYAK,SEREAL,SAUS,TELUR"
447,"BISKUIT,GULA,KOPI,TEH,ROTI"
448,"SHAMPOO,GULA,SUSU,KEJU,SELai,TEH,ROTI"
449,"PASTA GIGI,SHAMPOO,SABUN"
450,"KOPI,BERAS,SNACK"
451,"PASTA GIGI,SHAMPOO,SABUN,KOPI,COKLAT,SNACK,KRIMER"
452,"KOPI,BERAS,GULA,KRIMER"
453,"MINYAK,KEJU,SUSU,BERAS,AIR MINERAL,ROTI,KRIMER"
454,"PASTA GIGI,KEJU,SUSU,ROTI,KRIMER"
455,"TEH,SELai,SUSU,ROTI"
456,"SELai,SHAMPOO,SABUN"
457,"TEH,SAUS,MIE INSTAN"
458,"SELai,SUSU,SAUS,ROTI"
459,"BISKUIT,SEREAL,AIR MINERAL,SAUS,TELUR"
460,"BISKUIT,SUSU,SEREAL,ROTI"
461,"PASTA GIGI,SHAMPOO,SABUN"
462,"BISKUIT,SEREAL,AIR MINERAL,SNACK,SAUS"
463,"SELai,SUSU"
464,"SELai,KEJU,ROTI"
465,"KOPI,SAUS,GULA,KRIMER"
466,"BISKUIT,MINYAK,KEJU,SUSU,SELai,COKLAT"
467,"PASTA GIGI,MINYAK,GULA,BERAS,TELUR,MIE INSTAN"
468,"SELai,SUSU,ROTI,BERAS"
469,"BISKUIT,MIE INSTAN,AIR MINERAL,KRIMER"
470,"SABUN,BISKUIT,KEJU,SELai,AIR MINERAL,SNACK"
471,"MINYAK,BERAS,SELai,AIR MINERAL,TELUR"
472,"SUSU,SEREAL,SELai,AIR MINERAL,ROTI"
473,"PASTA GIGI,KOPI,TEH,MIE INSTAN,ROTI,KRIMER"
474,"TEH,GULA,SUSU,KRIMER"
475,"SABUN,SEREAL,KOPI,MIE INSTAN,KRIMER"
476,"SNACK,KEJU,ROTI"
477,"BISKUIT,SUSU,SELai,COKLAT,TEH"
478,"BISKUIT,COKLAT,SUSU,SABUN"
479,"TEH,TELUR,BISKUIT,GULA"
480,"MIE INSTAN,SEREAL,AIR MINERAL,SAUS,TELUR,ROTI"
481,"SNACK,BISKUIT,KRIMER,AIR MINERAL"
482,"SUSU,ROTI"
483,"PASTA GIGI,MINYAK,GULA,BERAS,TELUR"
484,"BERAS,SUSU,SEREAL"
485,"SNACK,SABUN,BISKUIT,AIR MINERAL"
486,"GULA,SAUS,MIE INSTAN"
487,"GULA,COKLAT,TEH,SNACK,KRIMER"
488,"COKLAT,SUSU,KRIMER"
489,"TEH,BISKUIT,KRIMER"
490,"MIE INSTAN,MINYAK,SNACK,SAUS,TELUR"
491,"PASTA GIGI,SHAMPOO,SABUN,SEREAL,COKLAT,SAUS,ROTI"
492,"KEJU,SUSU,SEREAL"
493,"SHAMPOO,BISKUIT,MINYAK,GULA,SUSU,COKLAT,AIR MINERAL"
494,"PASTA GIGI,MIE INSTAN,COKLAT,SAUS,TELUR"
495,"TEH,BERAS,GULA"
496,"PASTA GIGI,BISKUIT,MINYAK,BERAS,SNACK"
497,"PASTA GIGI,SHAMPOO,SABUN,SUSU,KOPI"
498,"KOPI,SELai,SNACK,SAUS,KRIMER"
499,"TELUR,SAUS,MIE INSTAN,SELai"
500,"SAUS,SELai,COKLAT"
501,"BISKUIT,SUSU,SEREAL,KOPI,COKLAT,SNACK"
502,"SHAMPOO,BISKUIT,SUSU,COKLAT,AIR MINERAL"
503,"SELai,SUSU,SEREAL,ROTI"
504,"BISKUIT,COKLAT,SUSU"
505,"BISKUIT,COKLAT,GULA,SUSU"
506,"PASTA GIGI,GULA,KOPI,MIE INSTAN,KRIMER"
507,"TEH,BISKUIT,BERAS,TELUR,SNACK,MIE INSTAN"
508,"SHAMPOO,BISKUIT,MINYAK,BERAS,COKLAT,SAUS,TELUR"
509,"KEJU,SELai,SNACK,SAUS,ROTI"
510,"PASTA GIGI,SHAMPOO,SABUN,KOPI,SAUS"
511,"SAUS,COKLAT,SUSU"
512,"SNACK,COKLAT,SUSU"
513,"SELai,SAUS,MIE INSTAN"
514,"BERAS,COKLAT,TELUR"
515,"MINYAK,SEREAL,BERAS,TELUR,KRIMER"
516,"BERAS,SUSU,ROTI"
517,"SHAMPOO,SEREAL,BERAS,AIR MINERAL,SNACK"
518,"PASTA GIGI,SAUS,SHAMPOO,SABUN"
519,"BISKUIT,SAUS,MIE INSTAN"
520,"BERAS,SAUS,SUSU,ROTI"
521,"TELUR,BISKUIT,MIE INSTAN"
522,"MINYAK,COKLAT"
523,"SELai,SUSU,MIE INSTAN,ROTI"
524,"MINYAK,BERAS,SELai,COKLAT,TEH,TELUR"
525,"MIE INSTAN,GULA,SEREAL,KOPI,SAUS,TELUR"
526,"SHAMPOO,SABUN,KOPI,COKLAT,MIE INSTAN,ROTI"
527,"SHAMPOO,SELai,BERAS,TEH,MIE INSTAN,ROTI"
528,"BISKUIT,KEJU,SEREAL,BERAS,AIR MINERAL,SAUS"
529,"GULA,SUSU,SELai,COKLAT,ROTI"
530,"SUSU,ROTI,SEREAL"
531,"GULA,KEJU,ROTI,AIR MINERAL"
532,"PASTA GIGI,SHAMPOO,SABUN,TEH,SELai,SNACK"
533,"TELUR,MIE INSTAN,PASTA GIGI"
534,"COKLAT,MIE INSTAN,SABUN"
535,"SUSU,TELUR,ROTI"
536,"BISKUIT,GULA,SUSU,KOPI,TELUR,ROTI"
537,"PASTA GIGI,MIE INSTAN,SABUN,SUSU,SAUS,TELUR"
538,"MIE INSTAN,MINYAK,KOPI,SNACK,TELUR,KRIMER"
539,"COKLAT,MIE INSTAN,SUSU"
540,"MINYAK,COKLAT,SUSU,BERAS"
541,"BISKUIT,SUSU,BERAS,AIR MINERAL,SNACK"
542,"BISKUIT,GULA,SUSU,SELai,BERAS,ROTI"
543,"KOPI,BISKUIT,GULA,TEH"
544,"SELai,SUSU,SEREAL,ROTI"
545,"MINYAK,SUSU,SELai,ROTI,KRIMER"
546,"PASTA GIGI,SHAMPOO,GULA,SEREAL,TEH"
547,"PASTA GIGI,KEJU,SUSU,KOPI,SNACK,TELUR"
548,"SELai,ROTI"
549,"KOPI,GULA,SUSU,SEREAL"
550,"SNACK,BISKUIT,KOPI,AIR MINERAL"
551,"SHAMPOO,BISKUIT,GULA,TEH,SNACK"
552,"KEJU,SUSU,KOPI,TEH,ROTI,KRIMER"
553,"SELai,COKLAT,SHAMPOO,SABUN"
554,"TEH,KOPI,BISKUIT,GULA"
555,"SELai,BISKUIT,AIR MINERAL"
556,"BERAS,MINYAK,SUSU,SEREAL"
557,"PASTA GIGI,BISKUIT,KOPI,AIR MINERAL,SNACK,MIE INSTAN"
558,"SHAMPOO,MINYAK,BERAS,TELUR,TEH,MIE INSTAN"
559,"MIE INSTAN,SUSU,COKLAT,TEH,SAUS,TELUR"
560,"TEH,GULA,KEJU"
561,"PASTA GIGI,COKLAT,SHAMPOO,SABUN"
562,"BISKUIT,GULA,BERAS,COKLAT,AIR MINERAL,ROTI"
563,"PASTA GIGI,MINYAK,SEREAL,BERAS,TEH,SAUS,TELUR"
564,"SUSU,KEJU,ROTI,AIR MINERAL"
565,"SELai,ROTI"
566,"BISKUIT,MINYAK,SUSU,SEREAL,BERAS,TEH"
567,"BISKUIT,SHAMPOO,AIR MINERAL"
568,"TEH,PASTA GIGI,MINYAK,GULA"
569,"SABUN,BISKUIT,SUSU,SELai,SNACK,TELUR,ROTI"
570,"SUSU,BISKUIT,GULA,ROTI"
571,"GULA,KOPI,SNACK,SAUS,KRIMER"
572,"MINYAK,KEJU,AIR MINERAL"
573,"SHAMPOO,SABUN,GULA,KOPI,AIR MINERAL,ROTI"
574,"KOPI,BERAS,COKLAT"
575,"MIE INSTAN,GULA,BERAS,TEH,TELUR"
576,"TEH,SUSU,KEJU,ROTI"
577,"BISKUIT,MINYAK,SUSU,SEREAL,TELUR,ROTI"
578,"BISKUIT,KEJU,KOPI,SELai,AIR MINERAL,SNACK,TELUR"
579,"BISKUIT,GULA,SEREAL,TEH,MIE INSTAN"
580,"KOPI,GULA,KEJU,KRIMER"
581,"KOPI,GULA,KRIMER"
582,"MIE INSTAN,SHAMPOO,SAUS,TELUR,ROTI"
583,"GULA,KEJU,KOPI,COKLAT,TELUR,KRIMER"
584,"TEH,PASTA GIGI,SABUN"
585,"PASTA GIGI,SAUS,MIE INSTAN,SUSU"
586,"TEH,BISKUIT,GULA,AIR MINERAL"
587,"BISKUIT,KOPI,SELai,AIR MINERAL,SNACK"
588,"PASTA GIGI,MIE INSTAN,KEJU,TELUR,KRIMER"
589,"SABUN,GULA,SUSU,TEH,SAUS,MIE INSTAN"
590,"BISKUIT,MINYAK,MIE INSTAN,SEREAL"
591,"KOPI,TELUR,MIE INSTAN"
592,"SABUN,KEJU,SUSU,SELai,ROTI"
593,"TELUR,SAUS,MIE INSTAN,BERAS"
594,"PASTA GIGI,SHAMPOO,SABUN,MINYAK,SAUS,MIE INSTAN"
595,"MINYAK,SUSU,SELai,MIE INSTAN,ROTI"
596,"BISKUIT,KEJU,SUSU,SEREAL,BERAS,COKLAT,SAUS"
597,"BISKUIT,COKLAT,SUSU,SHAMPOO"
598,"SAUS,MIE INSTAN,SUSU"
599,"BERAS,BISKUIT,MINYAK,PASTA GIGI"
600,"SHAMPOO,KEJU,SUSU,SEREAL,SELai,BERAS,ROTI"
601,"KOPI,SUSU,ROTI"
602,"SHAMPOO,BISKUIT,SUSU,SELai,SAUS,ROTI,KRIMER"
603,"BISKUIT,GULA,BERAS,AIR MINERAL,TEH"
604,"PASTA GIGI,SHAMPOO,SABUN,SNACK,KRIMER"
605,"SNACK,MIE INSTAN,AIR MINERAL"
606,"PASTA GIGI,KRIMER,SHAMPOO,SABUN"
607,"BISKUIT,COKLAT,SABUN"
608,"SABUN,BISKUIT,MINYAK,BERAS,TELUR"
609,"MIE INSTAN,KEJU,SUSU,SABUN"
610,"PASTA GIGI,BISKUIT,GULA,SEREAL,AIR MINERAL,TEH"
611,"MINYAK,TELUR,SAUS,MIE INSTAN"
612,"SABUN,BISKUIT,SUSU,SEREAL,COKLAT,ROTI"
613,"SAUS,MIE INSTAN,SABUN"
614,"SNACK,KOPI,SHAMPOO,AIR MINERAL"
615,"PASTA GIGI,SHAMPOO,KEJU,SUSU,SNACK,SAUS,ROTI"
616,"BERAS,COKLAT,SUSU"
617,"BISKUIT,MINYAK,KEJU,SUSU,SELai,COKLAT"
618,"PASTA GIGI,SABUN,MINYAK,COKLAT,TELUR"
619,"AIR MINERAL,KEJU,SUSU,ROTI"
620,"PASTA GIGI,BISKUIT,GULA,TEH,SAUS,TELUR"
621,"SUSU,KEJU,ROTI,SEREAL"
622,"MINYAK,KEJU,SUSU,KOPI,AIR MINERAL,TEH,ROTI"
623,"SUSU,GULA,KEJU,ROTI"
624,"TEH,TELUR,GULA,SUSU"
625,"SABUN,SUSU,SEREAL,AIR MINERAL,MIE INSTAN,ROTI"
626,"TEH,PASTA GIGI,BISKUIT,GULA"
627,"KOPI,AIR MINERAL,GULA,KRIMER"
628,"SUSU,SEREAL,SELai,AIR MINERAL,SNACK"
629,"SABUN,BISKUIT,SUSU,COKLAT,TEH"
630,"SUSU,MIE INSTAN,ROTI,PASTA GIGI"
631,"PASTA GIGI,SHAMPOO,SABUN,SNACK,SAUS,TELUR"
632,"GULA,SUSU,SEREAL,TELUR,ROTI"
633,"SHAMPOO,MINYAK,BERAS,AIR MINERAL,SNACK"
634,"PASTA GIGI,MINYAK,BERAS,SAUS,TELUR"
635,"SEREAL,SELai,SAUS,MIE INSTAN,ROTI,KRIMER"
636,"MIE INSTAN,MINYAK,SEREAL,KOPI,BERAS,AIR MINERAL,TELUR"
637,"SNACK,BISKUIT,GULA,AIR MINERAL"
638,"SABUN,SUSU,KOPI,AIR MINERAL,TEH"
639,"SHAMPOO,GULA,KEJU,SUSU,TEH,ROTI"
640,"BERAS,MINYAK,COKLAT,AIR MINERAL"
641,"MINYAK,GULA,KOPI,MIE INSTAN,KRIMER"
642,"BISKUIT,GULA,KOPI,COKLAT,TEH,TELUR,KRIMER"
643,"SNACK,BISKUIT,GULA,AIR MINERAL"
644,"SUSU,MINYAK,ROTI"
645,"PASTA GIGI,SHAMPOO,SABUN,KOPI,BERAS,MIE INSTAN"
646,"SNACK,SUSU,KEJU,ROTI"
647,"KOPI,TEH,GULA,KRIMER"
648,"SHAMPOO,SUSU,SEREAL,KOPI,BERAS,COKLAT,ROTI"
649,"KEJU,SUSU,SELai,AIR MINERAL,TEH,TELUR,ROTI"
650,"BERAS,MIE INSTAN,TELUR,GULA"
651,"KOPI,TEH,GULA,KRIMER"
652,"PASTA GIGI,MINYAK,GULA,TEH,ROTI"
653,"SUSU,SELai,SAUS,MIE INSTAN,ROTI"
654,"TEH,KRIMER,COKLAT,AIR MINERAL"
655,"MIE INSTAN,BISKUIT,SEREAL,SELai,SAUS,TELUR"
656,"MIE INSTAN,SHAMPOO,BISKUIT,SAUS,TELUR"
657,"SNACK,BISKUIT,COKLAT,AIR MINERAL"
658,"KOPI,BERAS,BISKUIT"
659,"BISKUIT,SUSU,SEREAL,TEH,TELUR"
660,"SHAMPOO,BISKUIT,AIR MINERAL,SNACK,MIE INSTAN"
661,"SUSU,SELai,AIR MINERAL,TELUR,ROTI"
662,"KOPI,SUSU,SEREAL,ROTI"
663,"GULA,KEJU,AIR MINERAL,SNACK,ROTI"
664,"SUSU,SEREAL,BERAS,COKLAT,TELUR"
665,"PASTA GIGI,SABUN,BISKUIT,TEH,TELUR"
666,"SUSU,KEJU,ROTI,SELai"
667,"SAUS,COKLAT,SUSU,SABUN"
668,"SHAMPOO,SUSU,SEREAL,SELai,ROTI"
669,"KOPI,GULA,SUSU,KRIMER"
670,"SHAMPOO,SABUN,MINYAK,BERAS,TELUR"
671,"KOPI,PASTA GIGI,GULA,KRIMER"
672,"BERAS,COKLAT,SUSU,ROTI"
673,"BERAS,MINYAK,PASTA GIGI"
674,"SHAMPOO,SUSU,SEREAL,COKLAT,SNACK"
675,"PASTA GIGI,SUSU,SELai,COKLAT,SAUS,KRIMER"
676,"KEJU,SUSU,SEREAL,SELai,MIE INSTAN,ROTI"
677,"PASTA GIGI,SHAMPOO,SABUN,COKLAT,SAUS,ROTI"
678,"PASTA GIGI,TELUR,SHAMPOO,SABUN"
679,"KOPI,SAUS,SUSU,KRIMER"
680,"TEH,KEJU,SUSU"
681,"MIE INSTAN,SHAMPOO,MINYAK,SELai,SAUS,TELUR"
682,"PASTA GIGI,BISKUIT,KEJU,SUSU,COKLAT"
683,"KEJU,SUSU,SEREAL,SELai,SNACK,ROTI,KRIMER"
684,"PASTA GIGI,COKLAT,SHAMPOO,SABUN"
685,"PASTA GIGI,KEJU,SHAMPOO,SABUN"
686,"COKLAT,SUSU,KRIMER"
687,"SNACK,COKLAT,AIR MINERAL"
688,"PASTA GIGI,SHAMPOO,SABUN"
689,"SHAMPOO,SABUN,KEJU,SEREAL,SNACK,MIE INSTAN"
690,"PASTA GIGI,SHAMPOO,SABUN,TEH,KRIMER"
691,"KOPI,BISKUIT,COKLAT"
692,"BISKUIT,MINYAK,SUSU,COKLAT,ROTI"
693,"MINYAK,SUSU,BERAS,AIR MINERAL,TELUR"
694,"BISKUIT,MINYAK,SUSU,COKLAT,AIR MINERAL,SNACK,ROTI"
695,"TEH,BISKUIT,SUSU,SEREAL,AIR MINERAL,SNACK"
696,"SELai,SHAMPOO,SABUN"
697,"ROTI,AIR MINERAL"
698,"SUSU,SAUS,KEJU,ROTI"
699,"PASTA GIGI,TELUR,SABUN"
700,"BISKUIT,SUSU,AIR MINERAL"
701,"PASTA GIGI,BISKUIT,GULA,KEJU,BERAS,TEH"
702,"COKLAT,SUSU,SHAMPOO"
703,"PASTA GIGI,GULA,AIR MINERAL,SNACK,ROTI"
704,"SUSU,KEJU,ROTI,SEREAL"
705,"TEH,GULA,SUSU"
706,"KOPI,PASTA GIGI,SHAMPOO,SABUN"
707,"SUSU,SEREAL,SELai,SAUS,MIE INSTAN"
708,"BISKUIT,SUSU,KOPI,COKLAT,SNACK,SAUS"
709,"PASTA GIGI,SHAMPOO,SABUN,BISKUIT,MIE INSTAN"
710,"SNACK,BERAS,SUSU,SABUN"
711,"SHAMPOO,SABUN,KOPI,AIR MINERAL,SNACK"
712,"MIE INSTAN,BISKUIT,SELai,SAUS,TELUR"
713,"PASTA GIGI,SUSU,SABUN"
714,"BISKUIT,GULA,AIR MINERAL,TEH,SAUS,KRIMER"
715,"SHAMPOO,BISKUIT,AIR MINERAL,SNACK,SAUS,ROTI"
716,"BISKUIT,GULA,SELai,COKLAT,TEH,ROTI"
717,"TEH,BISKUIT,MIE INSTAN"
718,"TELUR,SAUS,MIE INSTAN,AIR MINERAL"
719,"SHAMPOO,SUSU,KOPI,SNACK,KRIMER"
720,"SNACK,BERAS,SELai,AIR MINERAL"
721,"PASTA GIGI,GULA,SEREAL,SELai,AIR MINERAL,ROTI"
722,"PASTA GIGI,BISKUIT,MIE INSTAN,SABUN"
723,"KOPI,BISKUIT,GULA,KRIMER"
724,"SHAMPOO,MINYAK,SUSU,BERAS,SELai,TELUR"
725,"BISKUIT,MINYAK,SUSU,SEREAL,COKLAT,SNACK,ROTI"
726,"PASTA GIGI,SHAMPOO,SABUN,SELai,SNACK"
727,"MIE INSTAN,BERAS,SNACK,TELUR,ROTI"
728,"PASTA GIGI,BISKUIT,TELUR,AIR MINERAL"
729,"SNACK,BERAS,BISKUIT,AIR MINERAL"
730,"MIE INSTAN,SHAMPOO,SABUN,SAUS,TELUR"
731,"MINYAK,SEREAL,KOPI,BERAS,TELUR"
732,"MIE INSTAN,COKLAT,SNACK,SAUS,TELUR"
733,"PASTA GIGI,SHAMPOO,BISKUIT,KEJU,ROTI"
734,"SABUN,BISKUIT,AIR MINERAL,SAUS,TELUR"
735,"BISKUIT,MINYAK,BERAS,COKLAT,SAUS,TELUR,KRIMER"
736,"BISKUIT,GULA,KEJU,SUSU,BERAS,TEH"
737,"MINYAK,KEJU,KOPI,AIR MINERAL,SAUS"
738,"SELai,SUSU,ROTI"
739,"GULA,SUSU,KOPI,SELai,BERAS,AIR MINERAL,ROTI"
740,"TELUR,KEJU,SUSU,KRIMER"
741,"PASTA GIGI,SHAMPOO,SABUN,KEJU,TELUR"
742,"SHAMPOO,SABUN,BISKUIT,KEJU,SUSU"
743,"SAUS,KEJU,SUSU,AIR MINERAL"
744,"PASTA GIGI,BISKUIT,SUSU,SEREAL,COKLAT,AIR MINERAL,TEH"
745,"TEH,MINYAK,SUSU,SEREAL,AIR MINERAL,SNACK"
746,"SUSU,SEREAL,SELai,TEH,ROTI"
747,"SHAMPOO,TEH,BISKUIT,MINYAK,KOPI,AIR MINERAL,SNACK"
748,"MINYAK,SUSU,SEREAL,AIR MINERAL,ROTI"
749,"PASTA GIGI,SHAMPOO,SABUN,SUSU,BERAS,SELai,KRIMER"
750,"PASTA GIGI,SHAMPOO,SABUN,SUSU,AIR MINERAL,TEH"
751,"PASTA GIGI,SHAMPOO,SABUN,TEH,MIE INSTAN"
752,"BISKUIT,KOPI,AIR MINERAL,SNACK,TELUR,ROTI"
753,"KOPI,TEH,KRIMER"
754,"SELai,SUSU,SEREAL,ROTI"
755,"MIE INSTAN,SHAMPOO,MINYAK,TEH,SAUS,TELUR"
756,"MINYAK,GULA,BERAS,TELUR,KRIMER"
757,"BERAS,SAUS,SUSU,ROTI"
758,"KOPI,BERAS,GULA,SABUN"
759,"PASTA GIGI,SHAMPOO,BISKUIT,GULA,TEH,MIE INSTAN,ROTI"
760,"PASTA GIGI,SHAMPOO,SABUN,GULA,AIR MINERAL,SAUS"
761,"GULA,SUSU,KEJU,SEREAL,ROTI"
762,"BISKUIT,SUSU,KOPI,TEH,SAUS"
763,"COKLAT,GULA,SUSU"
764,"BISKUIT,COKLAT,SEREAL,KRIMER"
765,"BISKUIT,GULA,KEJU,COKLAT,TEH"
766,"BERAS,MINYAK,TELUR"
767,"SABUN,KOPI,AIR MINERAL,SNACK,ROTI"
768,"PASTA GIGI,SHAMPOO,SABUN"
769,"BISKUIT,AIR MINERAL,SNACK,SAUS,ROTI"
770,"PASTA GIGI,MINYAK,BERAS,TELUR,KRIMER"
771,"PASTA GIGI,SABUN,KOPI,SELai,ROTI"
772,"SHAMPOO,SABUN,BISKUIT,KEJU,SELai"
773,"PASTA GIGI,MIE INSTAN,SHAMPOO,AIR MINERAL,SAUS,TELUR,ROTI"
774,"PASTA GIGI,SUSU,SELai,COKLAT,MIE INSTAN,ROTI"
775,"TELUR,GULA,MIE INSTAN,ROTI"
776,"PASTA GIGI,MIE INSTAN,SHAMPOO,SUSU,SNACK,SAUS,TELUR"
777,"KOPI,GULA,KRIMER"
778,"TEH,GULA,SABUN"
779,"PASTA GIGI,GULA,SUSU,SEREAL,KOPI,KRIMER"
780,"KOPI,GULA,ROTI"
781,"PASTA GIGI,KEJU,SUSU,SELai,COKLAT,ROTI"
782,"SABUN,BISKUIT,SUSU,SEREAL,COKLAT,SNACK,MIE INSTAN"
783,"PASTA GIGI,AIR MINERAL,BERAS,SABUN"
784,"BISKUIT,KEJU,SUSU,SEREAL,AIR MINERAL,ROTI"
785,"MINYAK,KEJU,BERAS,SELai,SNACK,TELUR"
786,"KEJU,ROTI,SEREAL,SABUN"
787,"PASTA GIGI,SHAMPOO,SABUN,KEJU,KOPI"
788,"SUSU,BISKUIT,ROTI,SELai"
789,"KOPI,PASTA GIGI,COKLAT,AIR MINERAL"
790,"BISKUIT,COKLAT,SABUN"
791,"MINYAK,SUSU,BERAS,SELai,TELUR"
792,"BISKUIT,SUSU,SEREAL,ROTI,KRIMER"
793,"SNACK,KEJU,AIR MINERAL"
794,"BISKUIT,GULA,SUSU,SEREAL,KRIMER"
795,"COKLAT,KEJU,SHAMPOO,SABUN"
796,"KOPI,TEH,GULA,KRIMER"
797,"PASTA GIGI,BISKUIT,KEJU,SUSU,ROTI"
798,"PASTA GIGI,SABUN,BISKUIT,GULA,KEJU,TEH,SNACK"
799,"MIE INSTAN,BISKUIT,COKLAT,SAUS,TELUR,KRIMER"
800,"PASTA GIGI,BISKUIT,SUSU,BERAS,AIR MINERAL,SNACK,KRIMER"
801,"PASTA GIGI,AIR MINERAL,SHAMPOO,SABUN"
802,"BISKUIT,GULA,KEJU,AIR MINERAL,TEH"
803,"BISKUIT,KEJU,SUSU,SNACK,MIE INSTAN,ROTI,KRIMER"
804,"PASTA GIGI,SHAMPOO,SABUN,KEJU,SEREAL,KOPI"
805,"SABUN,KEJU,SUSU,SEREAL,GULA,TELUR,ROTI"
806,"TEH,MIE INSTAN,BISKUIT,GULA"
807,"KOPI,TEH,GULA,KRIMER"
808,"SHAMPOO,BISKUIT,MINYAK,KOPI,BERAS,TELUR,ROTI"
809,"SHAMPOO,KEJU,SUSU,AIR MINERAL,TELUR,ROTI"
810,"KOPI,GULA,SUSU"
811,"SABUN,GULA,SUSU,KOPI,SELai,ROTI"
812,"MIE INSTAN,KOPI,TEH,SAUS,TELUR"
813,"PASTA GIGI,BISKUIT,SHAMPOO,SABUN"
814,"PASTA GIGI,BISKUIT,ROTI,AIR MINERAL"
815,"SNACK,SELai,BISKUIT,AIR MINERAL"
816,"KEJU,SUSU,SEREAL,KOPI,ROTI"
817,"MINYAK,GULA,SUSU,BERAS,TELUR"
818,"KOPI,BISKUIT,TELUR"
819,"PASTA GIGI,SHAMPOO,SABUN,MINYAK,KEJU,SELai"
820,"SABUN,BISKUIT,GULA,KEJU,TEH"
821,"KEJU,SUSU,TEH,TELUR,ROTI"
822,"SNACK,COKLAT,KEJU,SUSU"
823,"SELai,SUSU,SAUS,ROTI"
824,"BERAS,BISKUIT,TELUR"
825,"PASTA GIGI,SABUN,TELUR,MIE INSTAN,ROTI"
826,"SNACK,SELai,KEJU,ROTI"
827,"SHAMPOO,BISKUIT,SUSU,COKLAT,TELUR,KRIMER"
828,"SHAMPOO,KEJU,SUSU,BERAS,SAUS"
829,"SNACK,BISKUIT,MINYAK,AIR MINERAL"
830,"KOPI,COKLAT,ROTI"
831,"MIE INSTAN,SHAMPOO,SABUN,BISKUIT,KEJU,TELUR"
832,"BISKUIT,GULA,BERAS,AIR MINERAL,TEH,SNACK"
833,"SUSU,KEJU,ROTI,PASTA GIGI"
834,"TELUR,MIE INSTAN,SELai"
835,"KEJU,ROTI,AIR MINERAL"
836,"PASTA GIGI,ROTI,SHAMPOO,SABUN"
837,"SABUN,MINYAK,SUSU,SEREAL,SAUS"
838,"SABUN,SUSU,SEREAL,COKLAT,ROTI"
839,"MIE INSTAN,MINYAK,BERAS,SAUS,TELUR"
840,"SABUN,MINYAK,BERAS,TELUR,KRIMER"
841,"SUSU,SEREAL,MIE INSTAN,ROTI,KRIMER"
842,"TELUR,SAUS,MIE INSTAN,PASTA GIGI"
843,"BERAS,AIR MINERAL,SHAMPOO,SABUN"
844,"PASTA GIGI,SHAMPOO,SABUN,SNACK,SAUS,TELUR"
845,"SABUN,KEJU,SUSU,SELai,COKLAT,TEH,ROTI"
846,"KEJU,SUSU,KOPI,SELai,ROTI"
847,"SHAMPOO,SUSU,SEREAL,KOPI,SELai,AIR MINERAL,ROTI"
848,"SABUN,BISKUIT,GULA,KOPI,SELai,TEH,KRIMER"
849,"GULA,SUSU,KEJU,SAUS,ROTI"
850,"GULA,SUSU,SELai,SNACK,ROTI"
851,"COKLAT,MIE INSTAN,SUSU"
852,"PASTA GIGI,SABUN,KEJU,COKLAT,SNACK"
853,"GULA,SUSU,KEJU,TEH,ROTI,KRIMER"
854,"BERAS,MINYAK,TELUR"
855,"SUSU,KEJU,ROTI"
856,"MINYAK,KEJU,GULA,BERAS,TELUR"
857,"TELUR,MIE INSTAN,SHAMPOO"
858,"MINYAK,BISKUIT,COKLAT,KEJU"
859,"KEJU,SUSU,SEREAL,SNACK,TELUR"
860,"TEH,BISKUIT,KEJU,SELai,AIR MINERAL,SNACK,SAUS"
861,"TEH,BISKUIT,GULA,ROTI"
862,"BISKUIT,SEREAL,COKLAT,AIR MINERAL,ROTI"
863,"GULA,KEJU,KOPI,TEH,KRIMER"
864,"BISKUIT,KEJU,ROTI"
865,"SAUS,BERAS,MINYAK,TELUR"
866,"SHAMPOO,BISKUIT,GULA,COKLAT,TEH,TELUR"
867,"SABUN,MINYAK,GULA,SELai,ROTI"
868,"KEJU,SUSU,KOPI,COKLAT,AIR MINERAL,ROTI"
869,"BISKUIT,GULA,SUSU,TEH,TELUR,KRIMER"
870,"GULA,KEJU,KOPI,SNACK,KRIMER"
871,"PASTA GIGI,SHAMPOO,SABUN,BISKUIT,GULA,SUSU"
872,"TEH,ROTI,SHAMPOO,SABUN"
873,"SUSU,KEJU,ROTI"
874,"PASTA GIGI,MIE INSTAN,BISKUIT,SAUS,TELUR,ROTI"
875,"PASTA GIGI,BISKUIT,TELUR,AIR MINERAL,SNACK,MIE INSTAN"
876,"PASTA GIGI,SUSU,KOPI,SELai,TEH,MIE INSTAN,ROTI"
877,"KOPI,BISKUIT,GULA,KRIMER"
878,"BISKUIT,KOPI,AIR MINERAL,TEH,SNACK"
879,"SABUN,BISKUIT,GULA,AIR MINERAL,TEH"
880,"KOPI,TELUR,SAUS,MIE INSTAN"
881,"BISKUIT,COKLAT,SUSU,AIR MINERAL"
882,"SAUS,ROTI,KRIMER"
883,"SHAMPOO,GULA,SUSU,SEREAL,KOPI,TELUR,ROTI"
884,"SABUN,GULA,KOPI,BERAS,SNACK,SAUS,KRIMER"
885,"BISKUIT,SUSU,COKLAT,AIR MINERAL,KRIMER"
886,"SABUN,TEH,BISKUIT,KEJU,AIR MINERAL,SNACK,MIE INSTAN"
887,"BISKUIT,SEREAL,BERAS,AIR MINERAL,SNACK,SAUS"
888,"SHAMPOO,KOPI,BERAS,COKLAT,KRIMER"
889,"MIE INSTAN,SEREAL,TEH,SAUS,TELUR"
890,"BISKUIT,SUSU,COKLAT,AIR MINERAL,MIE INSTAN,KRIMER"
891,"KEJU,SUSU,SEREAL,SELai,COKLAT,AIR MINERAL,ROTI"
892,"SNACK,SUSU,MINYAK,ROTI"
893,"PASTA GIGI,SHAMPOO,SABUN,SAUS,KRIMER"
894,"SABUN,BISKUIT,COKLAT,AIR MINERAL,MIE INSTAN"
895,"SELai,SUSU,KEJU,ROTI"
896,"PASTA GIGI,KRIMER,SHAMPOO,SABUN"
897,"TEH,TELUR"
898,"BISKUIT,SUSU,SELai,COKLAT,TEH,ROTI"
899,"BISKUIT,SEREAL,KOPI,COKLAT,SNACK,KRIMER"
900,"TEH,BISKUIT,COKLAT,GULA"
901,"BERAS,AIR MINERAL"
902,"BERAS,MINYAK,TELUR,SELai"
903,"PASTA GIGI,SHAMPOO,SABUN,KEJU,BERAS,COKLAT"
904,"PASTA GIGI,SHAMPOO,SABUN,BERAS,AIR MINERAL,TELUR,ROTI"
905,"KOPI,BERAS,TELUR"
906,"MIE INSTAN,MINYAK,KEJU,SAUS,TELUR,KRIMER"
907,"PASTA GIGI,SAUS,KEJU,SABUN"
908,"PASTA GIGI,SHAMPOO,SABUN,MINYAK,SELai,SAUS"
909,"PASTA GIGI,BISKUIT,COKLAT,SUSU"
910,"PASTA GIGI,GULA,SABUN"
911,"PASTA GIGI,BISKUIT,SUSU,COKLAT,TELUR,KRIMER"
912,"SNACK,SELai,BISKUIT,AIR MINERAL"
913,"SNACK,BISKUIT,COKLAT,AIR MINERAL"
914,"BISKUIT,KEJU,SUSU"
915,"BISKUIT,MINYAK,KEJU,SUSU,SEREAL,SNACK"
916,"GULA,SUSU,SEREAL,SNACK,ROTI"
917,"TEH,BISKUIT,KEJU,KOPI,AIR MINERAL,SNACK"
918,"BISKUIT,SUSU,COKLAT,AIR MINERAL,SNACK,TELUR"
919,"KEJU,SUSU,ROTI"
920,"SUSU,SEREAL,SELai,SAUS,ROTI"
921,"SNACK,BISKUIT,AIR MINERAL"
922,"MINYAK,SAUS,MIE INSTAN,SHAMPOO"
923,"PASTA GIGI,SHAMPOO,SABUN,SNACK,ROTI"
924,"BERAS,GULA,MINYAK,TELUR"
925,"SUSU,SELai,BERAS,AIR MINERAL,SNACK,ROTI"
926,"TEH,SABUN,BISKUIT,KOPI,BERAS,AIR MINERAL,SNACK"
927,"BERAS,MIE INSTAN,TELUR"
928,"BISKUIT,KEJU,SUSU,COKLAT,ROTI"
929,"SABUN,SUSU,SELai,SNACK,ROTI"
930,"BISKUIT,KEJU,SUSU,AIR MINERAL,ROTI"
931,"KOPI,MINYAK,GULA"
932,"MIE INSTAN,SUSU,SELai,TEH,SAUS,TELUR"
933,"TEH,BISKUIT,GULA,KEJU"
934,"TEH,BISKUIT,KRIMER"
935,"BISKUIT,SUSU,COKLAT,SAUS,MIE INSTAN"
936,"COKLAT,SUSU,SEREAL,ROTI"
937,"BISKUIT,SUSU,AIR MINERAL,SAUS,KRIMER"
938,"KEJU,GULA,SUSU,ROTI"
939,"KEJU,SUSU,SELai,BERAS,ROTI"
940,"SABUN,KEJU,SUSU,SELai,MIE INSTAN,ROTI"
941,"SHAMPOO,SABUN,SUSU,SEREAL,KOPI,ROTI"
942,"SELai,SUSU,ROTI,BERAS"
943,"PASTA GIGI,SHAMPOO,SUSU,SEREAL,KOPI,SNACK,ROTI"
944,"SNACK,AIR MINERAL"
945,"GULA,SEREAL,AIR MINERAL,TEH,SNACK,MIE INSTAN"
946,"BERAS,MINYAK,TELUR,SEREAL"
947,"KEJU,SUSU,AIR MINERAL,TEH,SAUS,ROTI"
948,"SEREAL,KOPI,BERAS,MIE INSTAN,KRIMER"
949,"BISKUIT,GULA,AIR MINERAL,SNACK,TELUR"
950,"TEH,BERAS,GULA,SHAMPOO"
951,"SABUN,GULA,KOPI,AIR MINERAL,SAUS,MIE INSTAN"
952,"BERAS,MINYAK"
953,"MIE INSTAN,SELai,AIR MINERAL,SNACK,SAUS,TELUR"
954,"TELUR,SAUS,MIE INSTAN,SHAMPOO"
955,"BISKUIT,SUSU,KOPI,COKLAT,SAUS"
956,"KOPI,SABUN"
957,"BISKUIT,COKLAT,MIE INSTAN,SUSU"
958,"SNACK,BISKUIT,ROTI,AIR MINERAL"
959,"SHAMPOO,SABUN,BISKUIT,AIR MINERAL,SNACK,MIE INSTAN"
960,"SNACK,SELai,GULA,ROTI"
961,"MINYAK,SUSU,SELai,SAUS,ROTI"
962,"BERAS,MINYAK,TELUR"
963,"SHAMPOO,KOPI,SAUS,MIE INSTAN,KRIMER"
964,"SHAMPOO,MINYAK,GULA,KOPI,TELUR"
965,"BISKUIT,MINYAK,GULA,SELai,TEH,SAUS"
966,"BISKUIT,COKLAT,SUSU"
967,"MIE INSTAN,SUSU,SEREAL,ROTI"
968,"ROTI,KEJU,SUSU,SABUN"
969,"SHAMPOO,SUSU,SEREAL,COKLAT,ROTI"
970,"SELai,COKLAT,ROTI"
971,"SABUN,MINYAK,KEJU,GULA,BERAS,TELUR"
972,"KOPI,TELUR,SAUS,MIE INSTAN"
973,"SNACK,SABUN,BISKUIT,AIR MINERAL"
974,"BISKUIT,SUSU,SELai,COKLAT,MIE INSTAN"
975,"BISKUIT,GULA,BERAS,SELai,TEH"
976,"MIE INSTAN,SABUN,SAUS,TELUR,ROTI"
977,"PASTA GIGI,SHAMPOO,SABUN,SEREAL,COKLAT"
978,"SUSU,SEREAL,ROTI"
979,"BISKUIT,SUSU,SELai,TEH,SAUS,ROTI"
980,"SNACK,COKLAT,SUSU,AIR MINERAL"
981,"SHAMPOO,SABUN,GULA,TEH,SNACK,ROTI"
982,"BISKUIT,SUSU,SEREAL,SELai,ROTI"
983,"SNACK,KOPI,SHAMPOO,SABUN"
984,"PASTA GIGI,SABUN,MINYAK,GULA,COKLAT"
985,"SHAMPOO,SABUN"
986,"SNACK,BISKUIT,MINYAK,AIR MINERAL"
987,"TEH,KOPI,BISKUIT,GULA"
988,"SABUN,BISKUIT,KOPI,COKLAT,AIR MINERAL,SNACK"
989,"SABUN,SEREAL,KOPI,AIR MINERAL,SAUS"
990,"TEH,TELUR,SAUS,MIE INSTAN"
991,"PASTA GIGI,KRIMER,KEJU,SABUN"
992,"MIE INSTAN,MINYAK,GULA,BERAS,TELUR"
993,"MINYAK,BERAS,AIR MINERAL,SAUS,TELUR,KRIMER"
994,"KEJU,SUSU,SELai,AIR MINERAL,MIE INSTAN,ROTI"
995,"SNACK,SELai,BISKUIT,AIR MINERAL"
996,"GULA,SUSU,SEREAL,BERAS,TELUR,KRIMER"
997,"BERAS,MINYAK,TELUR,SHAMPOO"
998,"SABUN,KEJU,SUSU,SEREAL,ROTI"
999,"TELUR,MIE INSTAN,KRIMER"
1000,"PASTA GIGI,MIE INSTAN,SABUN"
1001,"PASTA GIGI,SUSU,KOPI,SELai,TELUR,ROTI"
1002,"SHAMPOO,SUSU,SEREAL,ROTI"
1003,"PASTA GIGI,SHAMPOO,SABUN,KOPI,ROTI,KRIMER"
1004,"TEH,BISKUIT,MINYAK,SNACK"
1005,"SABUN,MINYAK,BERAS,TEH,SNACK,TELUR"
1006,"GULA,SUSU,SEREAL,TEH,TELUR,ROTI"
1007,"TEH,BERAS,MINYAK,AIR MINERAL"
1008,"SELai,SAUS,ROTI"
1009,"MIE INSTAN,SABUN,SUSU,SAUS,TELUR"
1010,"BERAS,BISKUIT,MINYAK,TELUR"
1011,"MINYAK,BERAS,AIR MINERAL,TEH,TELUR"
1012,"MIE INSTAN,SABUN,BISKUIT,COKLAT,SAUS,TELUR"
1013,"SHAMPOO,KOPI,COKLAT,TEH,KRIMER"
1014,"SNACK,SUSU,SABUN"
1015,"BERAS,MINYAK,TELUR"
1016,"SABUN,KEJU,SUSU,SEREAL,ROTI"
1017,"PASTA GIGI,MIE INSTAN,SNACK,SAUS,TELUR"
1018,"TEH,KOPI,KRIMER"
1019,"PASTA GIGI,KEJU,SUSU"
1020,"PASTA GIGI,SEREAL,SHAMPOO,SABUN"
1021,"SHAMPOO,SABUN,SEREAL,KOPI,BERAS"
1022,"SABUN,SUSU,SEREAL,AIR MINERAL,ROTI,KRIMER"
1023,"PASTA GIGI,SABUN,MINYAK,SNACK,TELUR,KRIMER"
1024,"SUSU,SELai,BERAS,SNACK,ROTI,KRIMER"
1025,"MIE INSTAN,MINYAK,AIR MINERAL,SAUS,TELUR"
1026,"SNACK,SAUS,ROTI,AIR MINERAL"
1027,"PASTA GIGI,SHAMPOO,TEH,SABUN,SNACK"
1028,"SUSU,TELUR,KEJU,ROTI"
1029,"MINYAK,SUSU,SEREAL,TEH,SAUS,MIE INSTAN,ROTI"
1030,"BISKUIT,MIE INSTAN,AIR MINERAL"
1031,"SHAMPOO,SUSU,SEREAL,COKLAT,SNACK"
1032,"PASTA GIGI,SABUN,SEREAL,KOPI,MIE INSTAN"
1033,"SABUN,SUSU,SEREAL,TELUR,ROTI"
1034,"GULA,SUSU,KEJU,SELai,TEH,ROTI"
1035,"KEJU,SUSU,COKLAT,SAUS,ROTI"
1036,"MIE INSTAN,BISKUIT,SUSU,TEH,SAUS,TELUR"
1037,"KOPI,BERAS,MINYAK,TELUR"
1038,"BISKUIT,KEJU,SAUS,MIE INSTAN,ROTI"
1039,"SELai,MINYAK,ROTI"
1040,"KOPI,BISKUIT,SHAMPOO,AIR MINERAL"
1041,"PASTA GIGI,BISKUIT,MINYAK,KEJU,BERAS,SAUS,TELUR"
1042,"COKLAT,TELUR,SUSU,SEREAL"
1043,"TEH,BISKUIT,MINYAK,GULA"
1044,"MIE INSTAN,GULA,COKLAT,TELUR,ROTI"
1045,"GULA,SUSU,KEJU,TEH,ROTI,KRIMER"
1046,"KOPI,SNACK,ROTI"
1047,"SNACK,SELai,SUSU,ROTI"
1048,"SNACK,BERAS,MINYAK,PASTA GIGI"
1049,"TELUR,SAUS,MIE INSTAN,PASTA GIGI"
1050,"TEH,KOPI,GULA,AIR MINERAL"
1051,"SABUN,SEREAL,SNACK,SAUS,MIE INSTAN"
1052,"PASTA GIGI,MIE INSTAN,MINYAK,SELai,SAUS,TELUR,ROTI"
1053,"SHAMPOO,SABUN"
1054,"MIE INSTAN,GULA,AIR MINERAL,TEH,SAUS,TELUR"
1055,"MIE INSTAN,SABUN,KEJU,TEH,SAUS,TELUR"
1056,"SHAMPOO,BISKUIT,SEREAL,AIR MINERAL,SNACK,ROTI,KRIMER"
1057,"SELai,SUSU,ROTI,BERAS"
1058,"SNACK,BISKUIT,TELUR,AIR MINERAL"
1059,"PASTA GIGI,SAUS,SHAMPOO,SABUN"
1060,"MIE INSTAN,KEJU,BERAS,SAUS,TELUR"
1061,"MIE INSTAN,KEJU,SUSU,COKLAT,SNACK,SAUS,TELUR"
1062,"PASTA GIGI,SHAMPOO,SABUN,SUSU,TELUR"
1063,"MIE INSTAN,BISKUIT,KOPI,SELai,AIR MINERAL,SNACK,TELUR"
1064,"KOPI,SAUS,KRIMER"
1065,"PASTA GIGI,SHAMPOO,SABUN,KEJU,COKLAT,MIE INSTAN"
1066,"MIE INSTAN,SHAMPOO,SABUN,TEH,SAUS,TELUR,ROTI"
1067,"SNACK,BISKUIT,GULA,AIR MINERAL"
1068,"PASTA GIGI,SABUN,BISKUIT,BERAS,SNACK"
1069,"SHAMPOO,MINYAK,GULA,KOPI,SAUS,KRIMER"
1070,"SNACK,SELai,SUSU,ROTI"
1071,"PASTA GIGI,SHAMPOO,BISKUIT,AIR MINERAL,SNACK,SAUS"
1072,"BISKUIT,GULA,KEJU,SEREAL,KOPI,TEH,KRIMER"
1073,"GULA,SEREAL,KOPI,SNACK,KRIMER"
1074,"MINYAK,GULA,SEREAL,BERAS,TELUR"
1075,"TEH,BISKUIT,GULA,KRIMER"
1076,"SABUN,MINYAK,GULA,SUSU,SEREAL,ROTI"
1077,"BISKUIT,COKLAT,SUSU,SHAMPOO"
1078,"SHAMPOO,BISKUIT,SUSU,COKLAT,SNACK,MIE INSTAN"
1079,"PASTA GIGI,MIE INSTAN,BISKUIT,TEH,SAUS,TELUR"
1080,"BERAS,TELUR,AIR MINERAL"
1081,"BISKUIT,GULA,KEJU,SELai,TEH,MIE INSTAN,KRIMER"
1082,"BISKUIT,MINYAK,SUSU,SEREAL,COKLAT,ROTI,KRIMER"
1083,"MINYAK,SUSU,SEREAL,BERAS,ROTI"
1084,"PASTA GIGI,SUSU,SEREAL,KOPI,ROTI"
1085,"MINYAK,GULA,SUSU,SELai,AIR MINERAL,ROTI"
1086,"KEJU,SUSU,TEH,TELUR,ROTI"
1087,"COKLAT,SHAMPOO,SABUN"
1088,"BISKUIT,SUSU,COKLAT,TEH,SAUS"
1089,"BISKUIT,SUSU,KOPI,COKLAT,ROTI"
1090,"BISKUIT,MINYAK,KEJU,GULA,AIR MINERAL,TEH"
1091,"BISKUIT,GULA,SUSU,AIR MINERAL,TEH,SAUS"
1092,"KOPI,GULA,KRIMER"
1093,"MINYAK,TELUR,SAUS,MIE INSTAN"
1094,"PASTA GIGI,MINYAK,BERAS,TELUR,SELai,MIE INSTAN"
1095,"MIE INSTAN,SHAMPOO,SELai,TELUR,KRIMER"
1096,"SUSU,BERAS,SELai,COKLAT,SNACK"
1097,"PASTA GIGI,SUSU,SHAMPOO,SABUN"
1098,"PASTA GIGI,SHAMPOO,SABUN,BISKUIT,SEREAL,AIR MINERAL,MIE INSTAN"
1099,"SHAMPOO,KEJU,SUSU,SEREAL,TELUR,ROTI"
1100,"BERAS,GULA,TELUR"
1101,"BISKUIT,GULA,SELai,AIR MINERAL,TEH,MIE INSTAN"
1102,"TEH,SUSU,SELai,AIR MINERAL,SNACK,KRIMER"
1103,"BISKUIT,MINYAK,GULA,SUSU,SEREAL,COKLAT"
1104,"SHAMPOO,BISKUIT,MINYAK,KEJU,SUSU"
1105,"SAUS,MIE INSTAN,SEREAL"
1106,"KOPI,GULA,SHAMPOO,SABUN"
1107,"KOPI,SELai,ROTI,BERAS"
1108,"TEH,MIE INSTAN,BISKUIT,GULA"
1109,"MINYAK,KEJU,SUSU,SELai,ROTI"
1110,"SAUS,BERAS,MINYAK,SUSU"
1111,"MINYAK,COKLAT,KRIMER"
1112,"KOPI,BERAS,MINYAK,COKLAT"
1113,"SUSU,KEJU,ROTI,SABUN"
1114,"TEH,BERAS,GULA"
1115,"BISKUIT,COKLAT,SUSU,SEREAL"
1116,"SHAMPOO,SABUN,SUSU,SELai,MIE INSTAN,ROTI"
1117,"TEH,BERAS,GULA,SHAMPOO"
1118,"TEH,SELai,SUSU,ROTI"
1119,"TEH,SHAMPOO,SABUN"
1120,"SNACK,SUSU,SEREAL,ROTI"
1121,"BISKUIT,BERAS,COKLAT,AIR MINERAL,SNACK,ROTI"
1122,"PASTA GIGI,AIR MINERAL,SHAMPOO,SABUN"
1123,"KOPI,KEJU,GULA,SEREAL"
1124,"GULA,SUSU,SEREAL,AIR MINERAL,TELUR,ROTI"
1125,"SABUN,BISKUIT,SUSU,COKLAT,TELUR,KRIMER"
1126,"BISKUIT,MINYAK,GULA,BERAS,TELUR,MIE INSTAN"
1127,"MINYAK,SEREAL,SELai,TEH,ROTI"
1128,"PASTA GIGI,BISKUIT,MINYAK,SUSU,SEREAL"
1129,"SELai,ROTI,SABUN,AIR MINERAL"
1130,"KOPI,GULA,SHAMPOO,KRIMER"
1131,"SHAMPOO,SUSU,SEREAL,ROTI"
1132,"SHAMPOO,SABUN,GULA,KOPI,TELUR,MIE INSTAN"
1133,"PASTA GIGI,MIE INSTAN,COKLAT,SAUS,TELUR"
1134,"SUSU,SEREAL,KOPI,SNACK,ROTI"
1135,"SELai,KEJU,SUSU"
1136,"SNACK,TEH,AIR MINERAL"
1137,"TELUR,BISKUIT,SAUS,MIE INSTAN"
1138,"SABUN,BISKUIT,SUSU,KOPI,SELai,ROTI"
1139,"GULA,KOPI,SNACK,TELUR,ROTI"
1140,"KOPI,KRIMER"
1141,"KEJU,SUSU,SELai,BERAS,SAUS"
1142,"MIE INSTAN,BERAS,TEH,SAUS,TELUR"
1143,"KEJU,SUSU,SEREAL,TELUR,ROTI"
1144,"SHAMPOO,SABUN,SUSU,BERAS,SAUS,MIE INSTAN"
1145,"BISKUIT,MINYAK,KEJU,SUSU,SEREAL,COKLAT,SAUS"
1146,"PASTA GIGI,SHAMPOO,SABUN,SELai,TELUR"
1147,"SUSU,KEJU,ROTI,SHAMPOO"
1148,"PASTA GIGI,MINYAK,SUSU,SEREAL,SELai,ROTI"
1149,"PASTA GIGI,SUSU,SEREAL,ROTI"
1150,"MIE INSTAN,KEJU,SUSU,SEREAL,SNACK,SAUS,TELUR"
1151,"BISKUIT,COKLAT,SUSU,SABUN"
1152,"ROTI,KRIMER"
1153,"PASTA GIGI,SABUN,BISKUIT,KEJU,SUSU"
1154,"MINYAK,SUSU,SELai,AIR MINERAL,MIE INSTAN,ROTI"
1155,"SHAMPOO,GULA,KOPI,COKLAT,KRIMER"
1156,"TEH,KEJU,SEREAL,BERAS,AIR MINERAL,SNACK"
1157,"SUSU,SEREAL,KOPI,MIE INSTAN,ROTI"
1158,"TEH,SELai,BISKUIT,COKLAT"
1159,"TEH,KRIMER,SABUN"
1160,"SNACK,BISKUIT,SAUS,AIR MINERAL"
1161,"SHAMPOO,SABUN,SUSU,KOPI,SELai,ROTI"
1162,"BISKUIT,GULA,KOPI,TEH,MIE INSTAN"
1163,"BERAS,GULA,SHAMPOO,SABUN"
1164,"PASTA GIGI,BISKUIT,GULA,KOPI,SELai,AIR MINERAL,SNACK"
1165,"PASTA GIGI,SHAMPOO,SABUN,MINYAK,COKLAT"
1166,"MIE INSTAN,SABUN,MINYAK,KOPI,TELUR"
1167,"PASTA GIGI,SABUN,SUSU,SELai,ROTI"
1168,"BISKUIT,MINYAK,GULA,BERAS,TEH,TELUR"
1169,"BERAS,KEJU,ROTI"
1170,"KEJU,SUSU,SEREAL,SAUS,TELUR,ROTI"
1171,"SUSU,SELai,COKLAT,AIR MINERAL,TEH,ROTI"
1172,"KEJU,SEREAL,KOPI,SAUS,KRIMER"
1173,"KEJU,SUSU,SELai,COKLAT,MIE INSTAN,ROTI"
1174,"GULA,SUSU,KEJU,SEREAL,AIR MINERAL,ROTI"
1175,"GULA,SUSU"
1176,"MIE INSTAN,AIR MINERAL"
1177,"COKLAT,SUSU,AIR MINERAL"
1178,"KOPI,GULA,ROTI,KRIMER"
1179,"PASTA GIGI,MIE INSTAN,SHAMPOO,MINYAK,BERAS,TELUR"
1180,"BERAS,MINYAK,TELUR,SABUN"
1181,"PASTA GIGI,GULA,KOPI,TEH,SAUS"
1182,"PASTA GIGI,MIE INSTAN,SEREAL,SELai,SAUS,TELUR"
1183,"PASTA GIGI,MINYAK,COKLAT,SABUN"
1184,"BERAS,TELUR,PASTA GIGI"
1185,"MIE INSTAN,MINYAK,GULA,SAUS,TELUR"
1186,"SNACK,PASTA GIGI,GULA,SABUN"
1187,"BISKUIT,KEJU,SUSU,SEREAL,KOPI"
1188,"BERAS,SUSU,SABUN,ROTI"
1189,"BISKUIT,SEREAL,BERAS,TEH,ROTI"
1190,"PASTA GIGI,MIE INSTAN,AIR MINERAL,SAUS,TELUR"
1191,"PASTA GIGI,BISKUIT,SUSU,SEREAL,SAUS,ROTI"
1192,"MINYAK,GULA,KOPI,SELai,TEH"
1193,"PASTA GIGI,KEJU,SUSU,SEREAL,ROTI"
1194,"TELUR,SAUS,MIE INSTAN,SABUN"
1195,"KEJU,SUSU,SEREAL,SELai,SNACK,ROTI"
1196,"KEJU,SUSU,TEH,SNACK,TELUR"
1197,"PASTA GIGI,SHAMPOO,SABUN,SNACK,ROTI"
1198,"MINYAK,KEJU,GULA,BERAS,TELUR,KRIMER"
1199,"PASTA GIGI,SABUN,SEREAL,BERAS,KRIMER"
1200,"SHAMPOO,MINYAK,SUSU,COKLAT,SNACK"
1201,"PASTA GIGI,KEJU,AIR MINERAL,SNACK,SAUS,TELUR"
1202,"SNACK,BISKUIT,ROTI,AIR MINERAL"
1203,"BISKUIT,MINYAK,KEJU,AIR MINERAL,SNACK,MIE INSTAN"
1204,"TELUR,SAUS,MIE INSTAN,PASTA GIGI"
1205,"SHAMPOO,SUSU,SELai,COKLAT,TEH,ROTI"
1206,"GULA,KEJU,KOPI,TEH,ROTI,KRIMER"
1207,"SUSU,ROTI,AIR MINERAL"
1208,"TEH,SABUN,MINYAK,BERAS,COKLAT,SNACK,TELUR"
1209,"BERAS,TELUR,PASTA GIGI"
1210,"BISKUIT,KRIMER,AIR MINERAL"
1211,"BERAS,BISKUIT,COKLAT,SUSU"
1212,"KEJU,SUSU,KOPI,SAUS,ROTI,KRIMER"
1213,"COKLAT,MIE INSTAN,SUSU,AIR MINERAL"
1214,"SNACK,TELUR,SAUS,MIE INSTAN"
1215,"SUSU,MIE INSTAN,KEJU,ROTI"
1216,"KEJU,SUSU,SELai,SNACK,ROTI"
1217,"BISKUIT,GULA,BERAS,AIR MINERAL,SNACK"
1218,"PASTA GIGI,BISKUIT,MINYAK,KOPI,AIR MINERAL,SAUS"
1219,"BERAS,MINYAK,TELUR,AIR MINERAL"
1220,"SELai,SUSU,TELUR,ROTI"
1221,"KEJU,SUSU,ROTI"
1222,"BISKUIT,MINYAK,BERAS,TELUR,MIE INSTAN"
1223,"GULA,SUSU,SELai,MIE INSTAN,ROTI"
1224,"BISKUIT,GULA,SUSU,COKLAT,MIE INSTAN"
1225,"SNACK,BISKUIT,MINYAK,AIR MINERAL"
1226,"TEH,SELai,BISKUIT"
1227,"PASTA GIGI,SABUN,KEJU,SUSU,ROTI,KRIMER"
1228,"SELai,MINYAK,ROTI,AIR MINERAL"
1229,"KEJU,SUSU,KOPI,TEH,SAUS,ROTI"
1230,"SEREAL,KOPI,BERAS,ROTI,KRIMER"
1231,"SNACK,BISKUIT,COKLAT,AIR MINERAL"
1232,"TELUR,SAUS,MIE INSTAN"
1233,"PASTA GIGI,KEJU"
1234,"BERAS,SELai,SUSU,SABUN"
1235,"MINYAK,KOPI,BERAS,COKLAT,TELUR"
1236,"MINYAK,COKLAT,SUSU,AIR MINERAL"
1237,"BISKUIT,AIR MINERAL"
1238,"KEJU,SEREAL,KOPI,BERAS,MIE INSTAN"
1239,"MIE INSTAN,SHAMPOO,SABUN"
1240,"SNACK,SELai,BISKUIT,AIR MINERAL"
1241,"KOPI,TEH,ROTI,KRIMER"
1242,"SHAMPOO,BISKUIT,GULA,SUSU,TEH"
1243,"PASTA GIGI,BISKUIT,SUSU,COKLAT,SNACK,MIE INSTAN"
1244,"SNACK,BISKUIT,KRIMER,AIR MINERAL"
1245,"SELai,SUSU,ROTI,PASTA GIGI"
1246,"SABUN,BISKUIT,KOPI,AIR MINERAL,TEH"
1247,"BISKUIT,SHAMPOO,SABUN"
1248,"PASTA GIGI,SABUN"
1249,"SNACK,SELai,BISKUIT,AIR MINERAL"
1250,"BISKUIT,GULA,KOPI,BERAS,ROTI,KRIMER"
1251,"BERAS,MINYAK,TELUR,SELai"
1252,"BISKUIT,SAUS,SABUN"
1253,"SHAMPOO,SUSU,SEREAL,ROTI"
1254,"PASTA GIGI,SABUN,SUSU,SELai,MIE INSTAN"
1255,"SNACK,BISKUIT,AIR MINERAL"
1256,"SABUN,KEJU,COKLAT,SNACK,MIE INSTAN"
1257,"MIE INSTAN,BISKUIT,GULA,TELUR,KRIMER"
1258,"BISKUIT,GULA,AIR MINERAL,SNACK,MIE INSTAN,KRIMER"
1259,"KOPI,GULA,KEJU,KRIMER"
1260,"PASTA GIGI,SHAMPOO,SABUN"
1261,"PASTA GIGI,BISKUIT,SHAMPOO,SABUN"
1262,"GULA,KOPI,COKLAT,MIE INSTAN,KRIMER"
1263,"GULA,KOPI,SNACK,TELUR,KRIMER"
1264,"KEJU,SUSU,GULA,SELai,SAUS,TELUR,ROTI"
1265,"GULA,KOPI,AIR MINERAL,TEH,SNACK,KRIMER"
1266,"SUSU,SEREAL,KOPI,SELai,TEH,ROTI"
1267,"SUSU,KEJU,ROTI,SELai"
1268,"MINYAK,KEJU,SUSU"
1269,"BISKUIT,MINYAK,BERAS,TELUR,KRIMER"
1270,"BISKUIT,GULA,KEJU,COKLAT,TEH,SNACK"
1271,"BISKUIT,COKLAT,SUSU,SABUN"
1272,"KOPI,SELai,GULA,SABUN"
1273,"BISKUIT,SUSU,BERAS,COKLAT,ROTI"
1274,"SUSU,ROTI,KRIMER"
1275,"SABUN,MINYAK,BERAS,SNACK,TELUR,ROTI"
1276,"MINYAK,BERAS,TEH,SAUS,TELUR"
1277,"BISKUIT,SELai,AIR MINERAL,TEH,SAUS"
1278,"TEH,KOPI,GULA"
1279,"SELai,BISKUIT,ROTI"
1280,"PASTA GIGI,BISKUIT,MINYAK,GULA,TEH,SAUS"
1281,"TELUR,COKLAT,MIE INSTAN,ROTI"
1282,"KEJU,SUSU,GULA,SELai,COKLAT,ROTI"
1283,"SUSU,GULA,KEJU,ROTI"
1284,"KEJU,ROTI,SHAMPOO,KRIMER"
1285,"PASTA GIGI,SHAMPOO,SABUN,SELai,ROTI"
1286,"SHAMPOO,SUSU,SELai,BERAS,COKLAT,ROTI"
1287,"SABUN,BISKUIT,SUSU,SELai,COKLAT"
1288,"PASTA GIGI,SHAMPOO,SABUN,SUSU,SEREAL,SNACK,SAUS"
1289,"PASTA GIGI,SABUN,KEJU,SEREAL,ROTI"
1290,"SABUN,BISKUIT,MINYAK,GULA,KEJU,TEH"
1291,"SHAMPOO,SABUN,SUSU,KOPI,BERAS"
1292,"SELai,SUSU,ROTI,SEREAL"
1293,"TELUR,SAUS,MIE INSTAN,SUSU"
1294,"TEH,BISKUIT,GULA,AIR MINERAL"
1295,"BISKUIT,GULA,SUSU,TEH,ROTI"
1296,"KOPI,COKLAT,KEJU,TEH"
1297,"PASTA GIGI,SHAMPOO,KOPI,BERAS,SNACK,TELUR"
1298,"SUSU,ROTI,SHAMPOO,SELai"
1299,"SABUN,BISKUIT,KEJU,SUSU,ROTI,KRIMER"
1300,"SABUN,GULA,KEJU,AIR MINERAL,TEH,ROTI"
1301,"KOPI,TEH,GULA,KRIMER"
1302,"SELai,MINYAK,KEJU,AIR MINERAL"
1303,"PASTA GIGI,SABUN,BISKUIT,KOPI,SNACK"
1304,"SNACK,BISKUIT,COKLAT"
1305,"BISKUIT,BERAS,COKLAT,ROTI,KRIMER"
1306,"SABUN,TEH,KEJU,SUSU,SNACK,ROTI"
1307,"MIE INSTAN,KEJU,GULA,SAUS,TELUR"
1308,"TEH,BISKUIT,SELai,COKLAT,AIR MINERAL,SNACK,ROTI"
1309,"SUSU,SAUS,KEJU,ROTI"
1310,"BERAS,MIE INSTAN,TELUR"
1311,"KEJU,SUSU,COKLAT,TEH,TELUR,ROTI"
1312,"SNACK,PASTA GIGI,KEJU,SABUN"
1313,"SUSU,SEREAL,KOPI,TELUR,ROTI"
1314,"SNACK,PASTA GIGI,BISKUIT,AIR MINERAL"
1315,"BISKUIT,COKLAT,KRIMER"
1316,"SUSU,SEREAL,BERAS,TEH,SAUS"
1317,"SHAMPOO,SABUN,BERAS,SAUS,MIE INSTAN"
1318,"PASTA GIGI,SHAMPOO,SABUN,SUSU,AIR MINERAL"
1319,"SHAMPOO,MINYAK,SUSU,SEREAL,ROTI"
1320,"SUSU,KEJU,ROTI,PASTA GIGI"
1321,"PASTA GIGI,MINYAK,GULA,BERAS,TELUR"
1322,"BISKUIT,BERAS,COKLAT,AIR MINERAL,SNACK,ROTI"
1323,"PASTA GIGI,BISKUIT,SHAMPOO,SABUN"
1324,"SABUN,BISKUIT,AIR MINERAL,SNACK,TELUR"
1325,"KOPI,KEJU,AIR MINERAL"
1326,"MIE INSTAN,SUSU,KOPI,SAUS,TELUR,KRIMER"
1327,"SELai,SUSU,ROTI,AIR MINERAL"
1328,"TEH,BERAS,BISKUIT,GULA"
1329,"BERAS,SUSU,SEREAL,ROTI"
1330,"TEH,BISKUIT,ROTI,KRIMER"
1331,"GULA,KOPI,SELai,ROTI,KRIMER"
1332,"GULA,SAUS,MIE INSTAN"
1333,"SHAMPOO,SABUN,KEJU,AIR MINERAL,ROTI"
1334,"SUSU,MIE INSTAN,KEJU,ROTI"
1335,"MINYAK,KOPI,BERAS,TELUR,ROTI"
1336,"BISKUIT,KEJU,SEREAL,COKLAT,AIR MINERAL,SNACK"
1337,"SHAMPOO,GULA,KEJU,KOPI,MIE INSTAN,KRIMER"
1338,"MIE INSTAN,KEJU,SUSU"
1339,"BISKUIT,KEJU,SUSU,COKLAT,SAUS,TELUR"
1340,"PASTA GIGI,BISKUIT,KEJU,BERAS,SELai,AIR MINERAL,SNACK"
1341,"BISKUIT,COKLAT,KEJU,SUSU"
1342,"MIE INSTAN,KEJU,SAUS,TELUR,KRIMER"
1343,"GULA,KOPI,BERAS,TELUR,KRIMER"
1344,"BISKUIT,GULA,SUSU,COKLAT,TEH,TELUR"
1345,"KOPI,SELai,BISKUIT,GULA"
1346,"MINYAK,KEJU,BERAS,SELai,TELUR"
1347,"PASTA GIGI,KRIMER,SHAMPOO,SABUN"
1348,"BISKUIT,AIR MINERAL,SNACK,TELUR,ROTI"
1349,"PASTA GIGI,MIE INSTAN,SELai,SAUS,TELUR"
1350,"MIE INSTAN,SELai,SAUS,TELUR,ROTI"
1351,"PASTA GIGI,SHAMPOO,SABUN,SNACK,ROTI"
1352,"SUSU,BERAS,COKLAT,SAUS,ROTI"
1353,"SHAMPOO,BISKUIT,KOPI,BERAS,AIR MINERAL,SNACK,TELUR"
1354,"TELUR,AIR MINERAL,KEJU,SABUN"
1355,"SABUN,KEJU,SUSU,BERAS,COKLAT,TEH,ROTI"
1356,"SUSU,KEJU,ROTI,SHAMPOO"
1357,"SHAMPOO,MINYAK,SUSU,BERAS,ROTI"
1358,"PASTA GIGI,SABUN,MINYAK,TEH,SNACK,KRIMER"
1359,"KOPI,MINYAK,ROTI,KRIMER"
1360,"PASTA GIGI,SEREAL,SUSU,SHAMPOO"
1361,"KOPI,SELai,GULA,SHAMPOO"
1362,"KOPI,COKLAT,KRIMER"
1363,"SELai,SUSU,ROTI"
1364,"BISKUIT,SUSU,KOPI,COKLAT,MIE INSTAN"
1365,"PASTA GIGI,MIE INSTAN,SNACK,TELUR,ROTI,KRIMER"
1366,"PASTA GIGI,SHAMPOO,SABUN,BERAS,AIR MINERAL"
1367,"BISKUIT,COKLAT,MIE INSTAN,SUSU"
1368,"BISKUIT,COKLAT,SUSU,ROTI"
1369,"KOPI,PASTA GIGI,SHAMPOO,SABUN"
1370,"MIE INSTAN,MINYAK,COKLAT,TEH,SAUS,TELUR"
1371,"SHAMPOO,SUSU,SELai,SAUS,ROTI"
1372,"SAUS,KEJU,SUSU,ROTI"
1373,"KOPI,MINYAK,GULA,SUSU"
1374,"TEH,BISKUIT,AIR MINERAL,SNACK,KRIMER"
1375,"MIE INSTAN,KOPI,SELai,SNACK,SAUS,TELUR"
1376,"SNACK,GULA,AIR MINERAL"
1377,"MIE INSTAN,SUSU,ROTI"
1378,"SHAMPOO,BISKUIT,GULA,COKLAT,TEH"
1379,"BISKUIT,SUSU,SEREAL,SELai,COKLAT"
1380,"PASTA GIGI,SHAMPOO,SABUN,BISKUIT,KOPI,MIE INSTAN"
1381,"KOPI,BISKUIT,KEJU,AIR MINERAL"
1382,"SAUS,MIE INSTAN,SEREAL,SABUN"
1383,"BISKUIT,KEJU,SUSU,KOPI,COKLAT,ROTI"
1384,"BERAS,SELai,SHAMPOO,SABUN"
1385,"MINYAK,MIE INSTAN,SHAMPOO,SABUN"
1386,"SNACK,PASTA GIGI,SHAMPOO,SABUN"
1387,"TEH,SUSU,KEJU,ROTI"
1388,"SHAMPOO,KEJU,SUSU,SELai,AIR MINERAL,MIE INSTAN"
1389,"TEH,MIE INSTAN,GULA"
1390,"PASTA GIGI,SABUN,SUSU,SELai,BERAS"
1391,"TELUR,SUSU,SEREAL"
1392,"KEJU,SUSU,SELai,SNACK,ROTI,KRIMER"
1393,"MINYAK,BERAS,SELai,COKLAT,AIR MINERAL,TELUR"
1394,"TEH,BISKUIT,GULA,KRIMER"
1395,"SNACK,BERAS,MINYAK"
1396,"TEH,MINYAK,GULA,KOPI,BERAS,SNACK,TELUR"
1397,"PASTA GIGI,BISKUIT,SUSU,SEREAL,COKLAT,TELUR"
1398,"BISKUIT,COKLAT,SUSU,AIR MINERAL"
1399,"SHAMPOO,SABUN,SELai,AIR MINERAL,SNACK"
1400,"SELai,SUSU,KEJU,ROTI"
1401,"BERAS,MINYAK,SUSU"
1402,"BISKUIT,GULA,SUSU,BERAS,COKLAT,TEH"
1403,"SUSU,SAUS,GULA,ROTI"
1404,"SNACK,BISKUIT,KOPI,AIR MINERAL"
1405,"PASTA GIGI,SHAMPOO,SABUN,BERAS,COKLAT,KRIMER"
1406,"KEJU,SUSU,BERAS,AIR MINERAL,ROTI"
1407,"TEH,TELUR,MIE INSTAN"
1408,"SHAMPOO,TEH,BISKUIT,AIR MINERAL,SNACK,TELUR,ROTI"
1409,"TEH,BISKUIT,SEREAL"
1410,"MINYAK,BERAS,COKLAT,SUSU"
1411,"PASTA GIGI,GULA,SUSU,SAUS,MIE INSTAN,ROTI"
1412,"MINYAK,GULA,BERAS,SELai,COKLAT,MIE INSTAN"
1413,"PASTA GIGI,SHAMPOO,SABUN,BERAS,COKLAT"
1414,"SABUN,SUSU,SEREAL,KOPI,MIE INSTAN"
1415,"MIE INSTAN,KOPI,SNACK,SAUS,TELUR"
1416,"SNACK,BISKUIT,COKLAT"
1417,"MIE INSTAN,SELai,TEH,SNACK,TELUR,ROTI"
1418,"KOPI,BERAS,MINYAK"
1419,"PASTA GIGI,SHAMPOO,SABUN,AIR MINERAL,SNACK,KRIMER"
1420,"SAUS,MIE INSTAN"
1421,"BISKUIT,GULA,SUSU,TELUR,COKLAT,MIE INSTAN"
1422,"BISKUIT,GULA,SUSU,COKLAT,MIE INSTAN,KRIMER"
1423,"KOPI,MINYAK,KEJU,ROTI"
1424,"SABUN,GULA,AIR MINERAL,TEH,TELUR"
1425,"PASTA GIGI,BISKUIT,KEJU,SUSU,COKLAT,AIR MINERAL"
1426,"TEH,SELai,BISKUIT,GULA"
1427,"GULA,KEJU,KOPI,TELUR,KRIMER"
1428,"SUSU,MINYAK,KEJU,ROTI"
1429,"MIE INSTAN,SABUN,BERAS,SAUS,TELUR"
1430,"SAUS,MIE INSTAN,ROTI,AIR MINERAL"
1431,"MIE INSTAN,SEREAL,SNACK,SAUS,TELUR"
1432,"BISKUIT,MINYAK,KEJU,SUSU,ROTI"
1433,"PASTA GIGI,SUSU,SHAMPOO,SABUN"
1434,"MIE INSTAN,BISKUIT,SEREAL,COKLAT,SAUS,TELUR,KRIMER"
1435,"KOPI,BERAS,TELUR,SUSU"
1436,"PASTA GIGI,MIE INSTAN,COKLAT,SAUS,TELUR"
1437,"PASTA GIGI,SUSU,SEREAL"
1438,"MINYAK,KEJU,GULA,BERAS,MIE INSTAN"
1439,"SELai,ROTI,SEREAL,AIR MINERAL"
1440,"KEJU,SUSU,KOPI,SNACK,TELUR,ROTI"
1441,"KEJU,SUSU,BERAS,SNACK,ROTI"
1442,"MINYAK,KEJU,SUSU,SEREAL,SELai,ROTI"
1443,"PASTA GIGI,TEH,MINYAK,SUSU,AIR MINERAL,SNACK"
1444,"TEH,KEJU,KRIMER"
1445,"COKLAT,SUSU,SEREAL,ROTI"
1446,"TELUR,SAUS,MIE INSTAN"
1447,"PASTA GIGI,BISKUIT,MINYAK,SUSU,KOPI,COKLAT,TELUR"
1448,"SNACK,BERAS,BISKUIT,AIR MINERAL"
1449,"KOPI,MINYAK,GULA"
1450,"SUSU,KEJU,ROTI"
1451,"KRIMER,BISKUIT,SAUS,AIR MINERAL"
1452,"BERAS,MINYAK,TELUR"
1453,"SNACK,BISKUIT,AIR MINERAL"
1454,TEH
1455,"COKLAT,SUSU,SEREAL,ROTI"
1456,"COKLAT,SUSU,SABUN"
1457,"BISKUIT,COKLAT,KEJU"
1458,"SNACK,BISKUIT,SEREAL,AIR MINERAL"
1459,"PASTA GIGI,SHAMPOO,SUSU,SELai,ROTI,KRIMER"
1460,"KEJU,SUSU,KOPI,SELai,TELUR"
1461,"BISKUIT,SUSU,AIR MINERAL,SNACK,SAUS,MIE INSTAN"
1462,"BISKUIT,MINYAK,SEREAL,AIR MINERAL,SNACK"
1463,"KOPI,MIE INSTAN,GULA,ROTI"
1464,"GULA,SUSU,SEREAL,SAUS,ROTI"
1465,"MINYAK,AIR MINERAL"
1466,"SNACK,BERAS,BISKUIT,AIR MINERAL"
1467,"KEJU,SUSU,KOPI,TELUR,MIE INSTAN,ROTI"
1468,"BISKUIT,GULA,SUSU,SELai,ROTI"
1469,"PASTA GIGI,SHAMPOO,SABUN,KEJU,COKLAT,TEH"
1470,"PASTA GIGI,SAUS,MIE INSTAN"
1471,"BISKUIT,MINYAK,GULA,SELai,TEH,ROTI"
1472,"SNACK,ROTI,AIR MINERAL"
1473,"SELai,SUSU,ROTI"
1474,"TEH,BISKUIT,GULA,KRIMER"
1475,"PASTA GIGI,SHAMPOO,SABUN,BISKUIT,SELai"
1476,"TEH,PASTA GIGI,SHAMPOO,SABUN"
1477,"MIE INSTAN,BISKUIT,MINYAK,SELai,SAUS,TELUR"
1478,"SHAMPOO,GULA,KOPI,TEH,ROTI,KRIMER"
1479,"SUSU,SHAMPOO,ROTI"
1480,"BERAS,MINYAK,TELUR,AIR MINERAL"
1481,"PASTA GIGI,SUSU,SEREAL,SELai,SNACK,ROTI"
1482,"BISKUIT,GULA,KEJU,TELUR,TEH,MIE INSTAN,KRIMER"
1483,"KOPI,GULA,ROTI,SABUN"
1484,"MIE INSTAN,SHAMPOO,TEH,SAUS,TELUR,ROTI"
1485,"MINYAK,KEJU,SUSU,AIR MINERAL,ROTI"
1486,"MIE INSTAN,SUSU,SEREAL,SABUN"
1487,"PASTA GIGI,SAUS,SHAMPOO,SABUN"
1488,"SNACK,COKLAT,GULA,SUSU"
1489,"TEH,BISKUIT,SAUS,GULA"
1490,"BISKUIT,KEJU,SUSU,BERAS,AIR MINERAL,ROTI"
1491,"SELai,SUSU,ROTI,PASTA GIGI"
1492,"TEH,BISKUIT,SELai,COKLAT,AIR MINERAL,SNACK"
1493,"AIR MINERAL,SUSU,SEREAL,ROTI"
1494,"BISKUIT,GULA,SUSU,TEH,TELUR"
1495,"TEH,BISKUIT,KOPI"
1496,"MINYAK,SUSU,BERAS,AIR MINERAL,KRIMER"
1497,"GULA,SUSU,SEREAL,KOPI,SELai,ROTI"
1498,"BISKUIT,GULA,KOPI,AIR MINERAL,TEH,SNACK"
1499,"MIE INSTAN,KEJU,COKLAT,AIR MINERAL,SAUS,TELUR"
1500,"BISKUIT,BERAS,TEH,SNACK,ROTI"
1501,"SHAMPOO,SUSU,SEREAL,SELai,TELUR,ROTI,KRIMER"
1502,"SNACK,BISKUIT,ROTI,AIR MINERAL"
1503,"BISKUIT,KOPI,AIR MINERAL,TEH,SAUS"
1504,"SUSU,TELUR,ROTI,KRIMER"
1505,"PASTA GIGI,MIE INSTAN,KOPI,SAUS,TELUR"
1506,"KOPI,BISKUIT,COKLAT,SUSU"
1507,"KOPI,TELUR,GULA,KEJU"
1508,"KOPI,TELUR,ROTI,KRIMER"
1509,"TEH,BISKUIT,AIR MINERAL"
1510,"BISKUIT,COKLAT,AIR MINERAL,SNACK,MIE INSTAN"
1511,"PASTA GIGI,MINYAK,KOPI,MIE INSTAN,KRIMER"
1512,"MINYAK,SUSU,SELai,BERAS,ROTI"
1513,"SHAMPOO,SUSU,SELai,COKLAT,SAUS,MIE INSTAN,ROTI"
1514,"BISKUIT,GULA,KEJU,TEH,KRIMER"
1515,"TELUR,GULA,MIE INSTAN"
1516,"BISKUIT,MINYAK,KEJU,SUSU,COKLAT,SAUS"
1517,"SUSU,MIE INSTAN,ROTI,SEREAL"
1518,"SNACK,KOPI,AIR MINERAL"
1519,"SUSU,ROTI,SABUN,BERAS"
1520,"BISKUIT,SUSU,AIR MINERAL,TELUR,KRIMER"
1521,"SHAMPOO,MINYAK,SUSU,SELai,COKLAT,ROTI"
1522,"PASTA GIGI,SHAMPOO,SABUN,SELai,COKLAT"
1523,"PASTA GIGI,SHAMPOO,SABUN,SELai,BERAS,COKLAT,AIR MINERAL"
1524,"MIE INSTAN,SELai,SAUS,TELUR,KRIMER"
1525,"BERAS,MINYAK,SEREAL"
1526,"SUSU,GULA,KEJU,ROTI"
1527,"TEH,BERAS,MINYAK,SABUN"
1528,"GULA,SUSU,SELai,COKLAT,ROTI"
1529,"SUSU,KOPI,SELai,BERAS,ROTI"
1530,"PASTA GIGI,SHAMPOO,SABUN"
1531,"BISKUIT,SELai,COKLAT,TELUR,KRIMER"
1532,"MIE INSTAN,SHAMPOO,COKLAT,SAUS,TELUR"
1533,"SABUN,BISKUIT,KEJU,SUSU,KOPI,TEH,ROTI"
1534,"KEJU,TELUR,MIE INSTAN"
1535,"PASTA GIGI,SABUN,SUSU,SELai,AIR MINERAL,ROTI"
1536,"KRIMER,SUSU,SEREAL,ROTI"
1537,"BERAS,KEJU,ROTI"
1538,"KOPI,SABUN,GULA,KRIMER"
1539,"BISKUIT,MINYAK,GULA,SEREAL,AIR MINERAL,SNACK,SAUS"
1540,"BISKUIT,GULA,KEJU,KOPI,TEH"
1541,"TEH,BISKUIT,GULA,ROTI"
1542,"COKLAT,ROTI,SUSU,AIR MINERAL"
1543,"KOPI,SNACK,GULA,KRIMER"
1544,"TEH,BISKUIT,SEREAL,KOPI,AIR MINERAL,SNACK"
1545,"PASTA GIGI,MIE INSTAN,SHAMPOO,SABUN,BISKUIT,SEREAL,TELUR"
1546,"KOPI,PASTA GIGI,SNACK,SABUN"
1547,"TEH,SHAMPOO,SABUN"
1548,"SELai,SUSU,ROTI"
1549,"TEH,PASTA GIGI,BISKUIT,COKLAT"
1550,"SABUN,BISKUIT,SUSU,COKLAT,TELUR"
1551,"GULA,SUSU,SEREAL,BERAS,SELai,ROTI"
1552,"MIE INSTAN,SUSU,KOPI,COKLAT,TEH,TELUR"
1553,"KEJU,SHAMPOO"
1554,"MIE INSTAN,SUSU,SAUS,TELUR,KRIMER"
1555,"BISKUIT,COKLAT,SUSU,SABUN"
1556,"SHAMPOO,TELUR,COKLAT,AIR MINERAL,MIE INSTAN"
1557,"SABUN,GULA,KEJU,SEREAL,KOPI,TELUR,KRIMER"
1558,"PASTA GIGI,MINYAK,KEJU,KRIMER"
1559,"SNACK,KEJU,AIR MINERAL"
1560,"KOPI,TELUR,GULA,KRIMER"
1561,"MIE INSTAN,SABUN,SELai,BERAS,SAUS,TELUR,KRIMER"
1562,"MIE INSTAN,COKLAT,SAUS,TELUR,KRIMER"
1563,"PASTA GIGI,SABUN,BISKUIT,KEJU,KRIMER"
1564,"SABUN,BISKUIT,GULA,SUSU,COKLAT,MIE INSTAN"
1565,"BISKUIT,KEJU,SUSU,SNACK,ROTI"
1566,"KOPI,SEREAL"
1567,"KOPI,PASTA GIGI,MINYAK,SABUN"
1568,"KRIMER,SUSU,SEREAL,ROTI"
1569,"PASTA GIGI,SHAMPOO,SABUN,MINYAK,SUSU,ROTI"
1570,"BISKUIT,SUSU,TEH,SAUS,ROTI"
1571,"BERAS,MINYAK,TELUR,SEREAL"
1572,"BISKUIT,SUSU,COKLAT,SNACK,KRIMER"
1573,"SABUN,BISKUIT,SUSU,KOPI,COKLAT,TELUR"
1574,"PASTA GIGI,SABUN,SUSU,KOPI,SELai,ROTI"
1575,"SELai,SUSU,GULA,ROTI"
1576,"BISKUIT,GULA,KEJU,BERAS,TEH"
1577,"TEH,GULA,SEREAL"
1578,"BERAS,MINYAK,SHAMPOO"
1579,"PASTA GIGI,BISKUIT,AIR MINERAL,SNACK,SAUS,MIE INSTAN"
1580,"SNACK,BISKUIT,MINYAK,AIR MINERAL"
1581,"PASTA GIGI,SHAMPOO,SABUN,COKLAT,TEH,MIE INSTAN,KRIMER"
1582,"MIE INSTAN,SHAMPOO,COKLAT,AIR MINERAL,SAUS,TELUR"
1583,"MINYAK,SELai,AIR MINERAL,SNACK,ROTI"
1584,"SABUN,BISKUIT,MINYAK,SEREAL,AIR MINERAL,SNACK,MIE INSTAN"
1585,"TEH,PASTA GIGI,SHAMPOO,SABUN"
1586,"MINYAK,GULA,SUSU,KOPI,SELai,ROTI"
1587,"BISKUIT,GULA,KOPI,SNACK,SAUS"
1588,"BERAS,KEJU,SHAMPOO,SABUN"
1589,"KOPI,BERAS,COKLAT,KRIMER"
1590,"SELai,SUSU,MINYAK,ROTI"
1591,"TELUR,COKLAT,SAUS,MIE INSTAN"
1592,"SAUS,BISKUIT,COKLAT,AIR MINERAL"
1593,"TEH,BISKUIT,COKLAT,GULA"
1594,"SNACK,BISKUIT,COKLAT,SUSU"
1595,"PASTA GIGI,SHAMPOO,SABUN,SEREAL,SELai,COKLAT,SAUS"
1596,"BISKUIT,GULA,SUSU,BERAS,TEH"
1597,"KOPI,COKLAT,GULA"
1598,"BISKUIT,COKLAT,MIE INSTAN"
1599,"SELai,ROTI,KRIMER"
1600,"BERAS,MIE INSTAN,AIR MINERAL"
1601,"BISKUIT,MINYAK,COKLAT,AIR MINERAL,ROTI,KRIMER"
1602,"PASTA GIGI,SABUN,KOPI,COKLAT,TEH,SAUS"
1603,"SELai,SUSU,MIE INSTAN,ROTI"
1604,"BERAS,SAUS,TELUR"
1605,"KOPI,KEJU,ROTI"
1606,"SUSU,KEJU,ROTI,SEREAL"
1607,"SELai,SAUS,MIE INSTAN,KRIMER"
1608,"SELai,SUSU,ROTI,SEREAL"
1609,"PASTA GIGI,MINYAK,KEJU,SUSU,BERAS,ROTI"
1610,"SUSU,SEREAL,BERAS,SNACK,MIE INSTAN,ROTI"
1611,"MINYAK,COKLAT,SUSU,SABUN"
1612,"MINYAK,KEJU,SEREAL,BERAS,SNACK,TELUR,ROTI"
1613,"MIE INSTAN,TEH,MINYAK,SNACK,TELUR"
1614,"BISKUIT,KOPI,BERAS,COKLAT,MIE INSTAN"
1615,"SUSU,ROTI,SEREAL,SELai"
1616,"TELUR,BISKUIT,SAUS,MIE INSTAN"
1617,"SABUN,GULA,KOPI,SNACK,ROTI,KRIMER"
1618,"PASTA GIGI,KEJU,BERAS,TEH,TELUR,ROTI"
1619,"TEH,BISKUIT,SNACK,GULA"
1620,"PASTA GIGI,SHAMPOO,SABUN,GULA,COKLAT,ROTI"
1621,"SABUN,COKLAT,AIR MINERAL,SNACK,SAUS,MIE INSTAN"
1622,"TEH,BISKUIT,COKLAT,SUSU"
1623,"KOPI,GULA,SABUN"
1624,"SUSU,SEREAL,AIR MINERAL"
1625,"SUSU,KEJU,ROTI,SHAMPOO"
1626,"BISKUIT,SUSU,SEREAL,SAUS,MIE INSTAN"
1627,"SHAMPOO,SABUN,GULA,KEJU,BERAS,TEH"
1628,"SNACK,BISKUIT,SEREAL,AIR MINERAL"
1629,"BISKUIT,COKLAT,TELUR,SUSU"
1630,"SELai,SAUS,MIE INSTAN,ROTI,KRIMER"
1631,"BERAS,GULA,TELUR"
1632,"TEH,SUSU,ROTI"
1633,"MIE INSTAN,SABUN,SUSU,SAUS,TELUR"
1634,"PASTA GIGI,MIE INSTAN,SABUN,COKLAT,TELUR"
1635,"SHAMPOO,BISKUIT,KEJU,SUSU,SELai,ROTI"
1636,"TELUR,SAUS,MIE INSTAN,SEREAL"
1637,"COKLAT,KEJU,SUSU,KRIMER"
1638,"SABUN,BISKUIT,BERAS,AIR MINERAL,SNACK"
1639,"SABUN,BISKUIT,GULA,TEH,TELUR"
1640,"PASTA GIGI,SABUN,KEJU,SUSU,BERAS,ROTI"
1641,"TEH,SAUS,BISKUIT,MINYAK"
1642,"BISKUIT,COKLAT,MIE INSTAN,SUSU"
1643,"PASTA GIGI,SHAMPOO,BISKUIT,GULA,KOPI,TEH"
1644,"SNACK,BISKUIT,SEREAL,AIR MINERAL"
1645,"PASTA GIGI,SHAMPOO,SABUN,BISKUIT,GULA"
1646,"MINYAK,KEJU,SUSU,SEREAL,TEH,ROTI"
1647,"PASTA GIGI,SHAMPOO,SABUN,MINYAK,GULA,MIE INSTAN"
1648,"TEH,BISKUIT,GULA"
1649,"BISKUIT,COKLAT,SUSU"
1650,"BISKUIT,BERAS,SELai,COKLAT,TEH,MIE INSTAN"
1651,"TEH,SUSU,SEREAL,ROTI"
1652,"PASTA GIGI,BISKUIT,KEJU,SUSU,COKLAT"
1653,"SNACK,BISKUIT,SAUS,AIR MINERAL"
1654,"MIE INSTAN,SHAMPOO,MINYAK,KOPI,SAUS,TELUR"
1655,"SAUS,BERAS,MINYAK"
1656,"KOPI,GULA,SHAMPOO"
1657,"TEH,BISKUIT,SNACK,GULA"
1658,"MIE INSTAN,TELUR,SUSU,ROTI"
1659,"MIE INSTAN,SHAMPOO,SUSU,SEREAL,AIR MINERAL,SAUS,TELUR"
1660,"PASTA GIGI,TEH,BISKUIT,AIR MINERAL,SNACK"
1661,"BISKUIT,COKLAT,TELUR,SUSU"
1662,"PASTA GIGI,SHAMPOO,SEREAL,SABUN"
1663,"GULA,KEJU,SEREAL,KOPI,ROTI,KRIMER"
1664,"PASTA GIGI,SHAMPOO,SABUN,SUSU,SEREAL,SAUS"
1665,"MINYAK,GULA,BERAS,TEH,TELUR,ROTI"
1666,"MINYAK,BISKUIT,COKLAT,SUSU"
1667,"TEH,KOPI,AIR MINERAL,SNACK,MIE INSTAN"
1668,"TEH,PASTA GIGI,BISKUIT,AIR MINERAL"
1669,"BISKUIT,SUSU,KOPI,COKLAT,TEH,KRIMER"
1670,"SNACK,BISKUIT,GULA,AIR MINERAL"
1671,"SNACK,BISKUIT,GULA,AIR MINERAL"
1672,"SUSU,SEREAL,KRIMER"
1673,"TEH,SUSU,ROTI"
1674,"TEH,BERAS,COKLAT,GULA"
1675,"SHAMPOO,SABUN,KEJU,COKLAT,TEH"
1676,"SUSU,SELai,SNACK,TELUR,ROTI"
1677,"SUSU,SEREAL,COKLAT,TEH,ROTI,KRIMER"
1678,"MINYAK,BERAS,BISKUIT,COKLAT"
1679,"PASTA GIGI,MIE INSTAN,SABUN,SEREAL,SAUS,TELUR"
1680,"SABUN,MINYAK,KEJU,KOPI,BERAS,AIR MINERAL,TELUR"
1681,"PASTA GIGI,SHAMPOO,SABUN,SELai,SNACK"
1682,"BERAS,GULA,MINYAK,TELUR"
1683,"PASTA GIGI,SHAMPOO,SABUN,GULA,SUSU,COKLAT,KRIMER"
1684,"MIE INSTAN,SHAMPOO,BISKUIT,SNACK,SAUS,TELUR"
1685,"KOPI,GULA,ROTI,KRIMER"
1686,"KEJU,SUSU,SELai,COKLAT,TEH,TELUR,ROTI"
1687,"KEJU,SUSU,SEREAL,MIE INSTAN,ROTI,KRIMER"
1688,"KOPI,SELai,GULA"
1689,"BISKUIT,GULA,BERAS,TEH,MIE INSTAN"
1690,"PASTA GIGI,SHAMPOO,SABUN,SUSU,AIR MINERAL"
1691,"MINYAK,COKLAT,SUSU"
1692,"PASTA GIGI,SUSU,SELai,SAUS,ROTI"
1693,"SHAMPOO,KEJU,SUSU,SNACK,MIE INSTAN,ROTI"
1694,"BERAS,MINYAK,TELUR,SABUN"
1695,"SNACK,PASTA GIGI,MIE INSTAN,SABUN"
1696,"PASTA GIGI,SHAMPOO,SABUN,GULA,SEREAL,TELUR"
1697,"PASTA GIGI,COKLAT,AIR MINERAL,SNACK,ROTI"
1698,"BERAS,SAUS,TELUR"
1699,"SABUN,SUSU,SELai,TELUR,ROTI"
1700,"PASTA GIGI,SHAMPOO,SUSU,BERAS,SAUS,ROTI"
1701,"KEJU,SUSU,BERAS,SNACK,ROTI"
1702,"TELUR,MIE INSTAN,SELai"
1703,"MIE INSTAN,SELai,COKLAT,SAUS,TELUR"
1704,"GULA,SUSU,SELai,MIE INSTAN,ROTI,KRIMER"
1705,"KOPI,SAUS,KEJU,KRIMER"
1706,"MINYAK,BERAS,COKLAT,SNACK,TELUR"
1707,"KEJU,SUSU,SELai,TEH,SAUS,ROTI"
1708,"SNACK,KRIMER,SABUN"
1709,"KOPI,TELUR,GULA,KRIMER"
1710,"KOPI,BISKUIT,GULA,KRIMER"
1711,"SHAMPOO,SELai,COKLAT,SNACK,ROTI"
1712,"SABUN,KEJU,SUSU,ROTI,KRIMER"
1713,"TELUR,SHAMPOO,SABUN"
1714,"SUSU,GULA,KEJU,ROTI"
1715,"KEJU,SUSU,SEREAL,BERAS,ROTI"
1716,"AIR MINERAL,SNACK,SAUS,MIE INSTAN,KRIMER"
1717,"TEH,BERAS,GULA,KEJU"
1718,"BISKUIT,GULA,SUSU,KEJU,KOPI,ROTI"
1719,"PASTA GIGI,TELUR,SHAMPOO,SABUN"
1720,"TEH,SELai,BISKUIT,GULA"
1721,"SNACK,SEREAL,AIR MINERAL"
1722,"SAUS,MIE INSTAN,AIR MINERAL"
1723,"BISKUIT,MIE INSTAN,AIR MINERAL"
1724,"SHAMPOO,MINYAK,GULA,KOPI,TEH,KRIMER"
1725,"BISKUIT,GULA,KEJU,AIR MINERAL,TEH"
1726,"PASTA GIGI,SHAMPOO,SABUN,GULA,KEJU,BERAS,TELUR"
1727,"PASTA GIGI,SHAMPOO,SABUN"
1728,"BISKUIT,MIE INSTAN,ROTI,SEREAL"
1729,"SNACK,PASTA GIGI,SABUN"
1730,"KOPI,GULA,KRIMER"
1731,"TEH,BISKUIT,SAUS,SABUN"
1732,"SUSU,SEREAL,TEH,TELUR,ROTI"
1733,"BISKUIT,COKLAT,SUSU,KRIMER"
1734,"SABUN,SUSU,SELai,TEH,ROTI"
1735,"BERAS,TELUR,SUSU,PASTA GIGI"
1736,"BERAS,MINYAK,TELUR,SEREAL"
1737,"PASTA GIGI,SHAMPOO,SABUN,TELUR,ROTI,KRIMER"
1738,"KEJU,SUSU,SEREAL,MIE INSTAN,ROTI"
1739,"SABUN,SUSU,KOPI,SELai,COKLAT,MIE INSTAN,ROTI"
1740,"BISKUIT,GULA,SUSU,AIR MINERAL,TEH,KRIMER"
1741,"SABUN,BISKUIT,GULA,SUSU,BERAS,SELai,COKLAT"
1742,"TEH,BISKUIT,GULA"
1743,"KOPI,GULA,KEJU,KRIMER"
1744,"KOPI,BERAS,BISKUIT"
1745,"BISKUIT,COKLAT,MIE INSTAN,SUSU"
1746,"SABUN,MINYAK,KEJU,SUSU,AIR MINERAL,ROTI"
1747,"SABUN,SUSU,BERAS,COKLAT,SAUS"
1748,"BISKUIT,GULA,SELai,AIR MINERAL,TEH,KRIMER"
1749,"KEJU,SUSU,SEREAL,ROTI"
1750,"SABUN,BISKUIT,SUSU,COKLAT,SAUS"
1751,"SNACK,BISKUIT,SEREAL,AIR MINERAL"
1752,"BISKUIT,GULA,SUSU,AIR MINERAL,SNACK,KRIMER"
1753,"KEJU,SUSU,COKLAT,SNACK,SAUS"
1754,"BISKUIT,KEJU,GULA,AIR MINERAL,SNACK"
1755,"BISKUIT,GULA,AIR MINERAL,TEH,SNACK"
1756,"BISKUIT,GULA,SUSU,SEREAL,KOPI,TEH"
1757,"PASTA GIGI,KEJU,SUSU,MIE INSTAN,ROTI,KRIMER"
1758,"SNACK,BISKUIT,AIR MINERAL"
1759,"BERAS,COKLAT,TELUR"
1760,"PASTA GIGI,SABUN,BISKUIT,KEJU,SEREAL"
1761,"PASTA GIGI,SABUN,KEJU,KOPI,SAUS"
1762,"BERAS,MINYAK,MIE INSTAN"
1763,"BISKUIT,SUSU,BERAS,COKLAT,SNACK,ROTI"
1764,"KOPI,GULA,KRIMER"
1765,"PASTA GIGI,GULA,AIR MINERAL,TEH,MIE INSTAN"
1766,"BISKUIT,SUSU,COKLAT,TEH,ROTI"
1767,"SABUN,BISKUIT,GULA,SELai,TEH"
1768,"MIE INSTAN,SEREAL,COKLAT,AIR MINERAL,SAUS,TELUR,KRIMER"
1769,"SABUN,MINYAK,KEJU,SUSU,SELai,ROTI"
1770,"TEH,SELai,GULA,AIR MINERAL"
1771,"PASTA GIGI,SHAMPOO,SABUN,BISKUIT,KEJU,TEH"
1772,"MIE INSTAN,SHAMPOO,SNACK,SAUS,TELUR"
1773,"TEH,SAUS"
1774,"TELUR,GULA,MINYAK,MIE INSTAN"
1775,"KOPI,PASTA GIGI,COKLAT,GULA"
1776,"PASTA GIGI,SABUN,SELai,AIR MINERAL,TEH,MIE INSTAN"
1777,"BERAS,GULA"
1778,"MIE INSTAN,SABUN,MINYAK,COKLAT,TEH,SAUS,TELUR"
1779,"SNACK,BISKUIT,TELUR,AIR MINERAL"
1780,"SABUN,BISKUIT,GULA,KOPI,BERAS,SAUS,KRIMER"
1781,"SUSU,KEJU,ROTI,SELai"
1782,"BISKUIT,KEJU,SUSU,SEREAL,BERAS,TEH,ROTI"
1783,"SUSU,MINYAK,ROTI,PASTA GIGI"
1784,"SUSU,SEREAL,ROTI"
1785,"SABUN,SUSU,SEREAL,SELai,TEH,SAUS,ROTI"
1786,"TELUR,SUSU"
1787,"KOPI,TELUR,MIE INSTAN,KEJU"
1788,"KOPI,SHAMPOO,KRIMER"
1789,"PASTA GIGI,SABUN,GULA,KOPI,COKLAT,TELUR,KRIMER"
1790,"SABUN,SUSU,ROTI"
1791,"PASTA GIGI,SHAMPOO,SABUN,SUSU,MIE INSTAN"
1792,"BERAS,BISKUIT,TELUR,KRIMER"
1793,"SELai,SUSU,ROTI,BISKUIT"
1794,"KOPI,GULA,ROTI,AIR MINERAL"
1795,"GULA,SUSU,KOPI,ROTI,KRIMER"
1796,"TEH,AIR MINERAL,SNACK,TELUR,ROTI,KRIMER"
1797,"MINYAK,KEJU,SUSU"
1798,"MIE INSTAN,MINYAK,GULA,SAUS,TELUR"
1799,"COKLAT,SUSU,SEREAL,ROTI"
1800,"SHAMPOO,TEH,SELai,AIR MINERAL,SNACK"
1801,"TEH,BISKUIT,SHAMPOO,AIR MINERAL"
1802,"MIE INSTAN,SABUN,BISKUIT,MINYAK,TELUR"
1803,"BISKUIT,GULA,SEREAL,BERAS,TEH,MIE INSTAN"
1804,"MINYAK,KEJU,SUSU,KOPI,SELai,ROTI"
1805,"BISKUIT,GULA,SUSU,SEREAL,AIR MINERAL,ROTI"
1806,"MINYAK,KEJU,GULA,SUSU,BERAS"
1807,"SNACK,TEH,BISKUIT,AIR MINERAL"
1808,"SNACK,BISKUIT,ROTI,AIR MINERAL"
1809,"MIE INSTAN,KEJU,AIR MINERAL,SAUS,TELUR"
1810,"BISKUIT,SEREAL,KOPI,AIR MINERAL,KRIMER"
1811,"MIE INSTAN,AIR MINERAL,SAUS,TELUR,ROTI"
1812,"BISKUIT,KEJU,SUSU,SEREAL,SAUS,ROTI"
1813,"PASTA GIGI,GULA,SHAMPOO,SABUN"
1814,"SHAMPOO,GULA,KOPI,TEH,SAUS,KRIMER"
1815,"GULA,SUSU,SEREAL,ROTI"
1816,"MIE INSTAN,SUSU,SNACK,SAUS,TELUR,KRIMER"
1817,"MIE INSTAN,KOPI,COKLAT,AIR MINERAL,SAUS,TELUR"
1818,"KEJU,TELUR,MIE INSTAN,TEH"
1819,"SABUN,MINYAK,SUSU,BERAS,TELUR,ROTI"
1820,"MIE INSTAN,MINYAK,BERAS,TEH,SAUS,TELUR,KRIMER"
1821,"PASTA GIGI,BISKUIT,SELai,AIR MINERAL,TEH"
1822,"PASTA GIGI,SHAMPOO,SABUN,SEREAL,AIR MINERAL,MIE INSTAN"
1823,"SABUN,BISKUIT,GULA,SEREAL,TEH"
1824,"MIE INSTAN,BISKUIT,AIR MINERAL,SNACK,TELUR,KRIMER"
1825,"KEJU,SELai,SNACK,TELUR,ROTI,KRIMER"
1826,"PASTA GIGI,GULA,SHAMPOO,SABUN"
1827,"BISKUIT,GULA,SUSU,SEREAL,ROTI"
1828,"SHAMPOO,SUSU,COKLAT,AIR MINERAL,ROTI"
1829,"BISKUIT,KEJU,ROTI,SABUN"
1830,"SNACK,MIE INSTAN,AIR MINERAL"
1831,"PASTA GIGI,SAUS,SHAMPOO,SABUN"
1832,"SHAMPOO,MINYAK,KEJU,SUSU,GULA,MIE INSTAN,ROTI"
1833,"MINYAK,SUSU,SELai,AIR MINERAL,ROTI"
1834,"PASTA GIGI,SHAMPOO,SABUN,BISKUIT,SUSU"
1835,"TEH,BISKUIT,COKLAT,TELUR"
1836,"PASTA GIGI,SUSU,KEJU,ROTI"
1837,"SNACK,PASTA GIGI,SAUS,AIR MINERAL"
1838,"SHAMPOO,BISKUIT,AIR MINERAL,SNACK,KRIMER"
1839,"KOPI,AIR MINERAL,GULA,KRIMER"
1840,"BISKUIT,KEJU,SEREAL,AIR MINERAL,SNACK,SAUS,KRIMER"
1841,"KEJU,SUSU,ROTI"
1842,"TEH,SUSU,SEREAL,BERAS,SNACK"
1843,"SUSU,SEREAL,SNACK,ROTI,KRIMER"
1844,"SNACK,SELai,SUSU,ROTI"
1845,"MIE INSTAN,BISKUIT,KEJU,SUSU,SNACK,SAUS,TELUR"
1846,"BISKUIT,SUSU,KOPI,SELai,COKLAT"
1847,"TEH,TELUR,SAUS,GULA"
1848,"BISKUIT,TELUR,AIR MINERAL"
1849,"PASTA GIGI,BISKUIT,KEJU,SUSU,TEH,MIE INSTAN"
1850,"PASTA GIGI,SHAMPOO,BISKUIT,GULA,SEREAL,TEH"
1851,"SAUS,BERAS,MINYAK,SUSU"
1852,"MINYAK,SUSU,AIR MINERAL,MIE INSTAN,ROTI"
1853,"MINYAK,SEREAL,BERAS,AIR MINERAL,ROTI"
1854,"TEH,BISKUIT,GULA,ROTI"
1855,"BISKUIT,SEREAL,AIR MINERAL,SNACK,MIE INSTAN"
1856,"SHAMPOO,GULA,SUSU,SEREAL,ROTI"
1857,"PASTA GIGI,SHAMPOO,SABUN,GULA,SUSU,SNACK"
1858,"SHAMPOO,KOPI,COKLAT,AIR MINERAL,SAUS"
1859,"TELUR,SAUS,MIE INSTAN"
1860,"TELUR,MIE INSTAN,SABUN"
1861,"KOPI,GULA,ROTI,KEJU"
1862,"SNACK,BERAS,SAUS,SEREAL"
1863,"PASTA GIGI,GULA,SUSU,KEJU,ROTI,KRIMER"
1864,"PASTA GIGI,GULA,SUSU,SELai,ROTI"
1865,"TEH,PASTA GIGI,SHAMPOO,SABUN"
1866,"SABUN,SUSU,SEREAL,COKLAT,SNACK,ROTI,KRIMER"
1867,"TELUR,SAUS,MIE INSTAN"
1868,"KOPI,BERAS,MINYAK,ROTI"
1869,"TEH,BERAS,MINYAK,ROTI"
1870,"SUSU,SELai,SAUS,TELUR,ROTI"
1871,"BISKUIT,COKLAT,SUSU,ROTI"
1872,"SHAMPOO,SUSU,SEREAL,ROTI,KRIMER"
1873,"GULA,SUSU,BERAS,COKLAT,SAUS"
1874,"BISKUIT,SUSU,SEREAL,SELai,TEH,ROTI"
1875,"PASTA GIGI,KEJU,SUSU,ROTI,KRIMER"
1876,"PASTA GIGI,SUSU,SEREAL,ROTI"
1877,"SUSU,SEREAL,SELai,BERAS,SNACK,ROTI"
1878,"BISKUIT,COKLAT"
1879,"MIE INSTAN,SHAMPOO,BISKUIT,KEJU,BERAS,TELUR"
1880,"SABUN,SUSU,KOPI,AIR MINERAL,SAUS,ROTI"
1881,"SHAMPOO,BISKUIT,SUSU,BERAS,SELai,COKLAT"
1882,"PASTA GIGI,MINYAK,GULA,BERAS,SELai,TEH,TELUR"
1883,"PASTA GIGI,MIE INSTAN,KOPI,SNACK,SAUS,TELUR"
1884,"SNACK,TELUR,ROTI"
1885,"SELai,ROTI,KRIMER"
1886,"SABUN,SUSU,BERAS,SAUS,ROTI"
1887,"TEH,BISKUIT,COKLAT,AIR MINERAL,SNACK"
1888,"MIE INSTAN,SELai,AIR MINERAL,TELUR,KRIMER"
1889,"BERAS,MINYAK,TELUR,SHAMPOO"
1890,"SABUN,KEJU,SUSU,BERAS,SELai,MIE INSTAN,ROTI"
1891,"BERAS,BISKUIT,SHAMPOO,SABUN"
1892,"KEJU,SUSU,BERAS,AIR MINERAL,ROTI,KRIMER"
1893,"BERAS,MINYAK,TELUR,SELai"
1894,"PASTA GIGI,BISKUIT,SUSU,KOPI,COKLAT"
1895,"BISKUIT,COKLAT,SUSU"
1896,"TEH,BISKUIT,MINYAK,GULA"
1897,"MIE INSTAN,KEJU,BERAS,TEH,SAUS,TELUR"
1898,"PASTA GIGI,BERAS,COKLAT,AIR MINERAL,SNACK,SAUS"
1899,"TELUR,COKLAT,SAUS,MIE INSTAN"
1900,"SNACK,PASTA GIGI,TELUR,SABUN"
1901,"PASTA GIGI,SHAMPOO,SABUN,MINYAK,GULA,COKLAT,TEH"
1902,"PASTA GIGI,SHAMPOO,BISKUIT,SUSU,SEREAL,ROTI"
1903,"MINYAK,KEJU,SUSU,AIR MINERAL"
1904,"PASTA GIGI,BISKUIT,SABUN"
1905,"SABUN,BISKUIT,MINYAK,GULA,SUSU,COKLAT,TEH"
1906,"GULA,KEJU,SEREAL,KOPI,KRIMER"
1907,"AIR MINERAL,SUSU,SEREAL,ROTI"
1908,"SABUN,SUSU,SEREAL,ROTI"
1909,"BERAS,MINYAK,TELUR,SEREAL"
1910,"KOPI,AIR MINERAL,GULA,KRIMER"
1911,"MIE INSTAN,SABUN,MINYAK,SUSU,SEREAL,SAUS,TELUR"
1912,"BISKUIT,GULA,SUSU,SEREAL,COKLAT,KRIMER"
1913,"KOPI,BERAS,GULA"
1914,"MINYAK,KEJU,SUSU,KOPI,BERAS"
1915,"SUSU,MINYAK,ROTI"
1916,"PASTA GIGI,KEJU,AIR MINERAL,SAUS,MIE INSTAN"
1917,"BISKUIT,MINYAK,GULA,SUSU,TEH,SAUS,ROTI"
1918,"SUSU,SEREAL,KOPI,TEH,SAUS,ROTI"
1919,"COKLAT,SUSU,SHAMPOO,SABUN"
1920,"KEJU,SELai,AIR MINERAL,SNACK,MIE INSTAN"
1921,"SABUN,GULA,KEJU,KOPI,SNACK,KRIMER"
1922,"PASTA GIGI,SHAMPOO,SABUN,BISKUIT,KOPI,AIR MINERAL"
1923,"BERAS,MINYAK,SHAMPOO,SABUN"
1924,"BISKUIT,GULA,SUSU,BERAS,TEH,KRIMER"
1925,"PASTA GIGI,BISKUIT,SEREAL,AIR MINERAL,SNACK"
1926,"SUSU,SEREAL,KOPI,SNACK,SAUS,TELUR,ROTI"
1927,"TEH,BISKUIT,COKLAT,SUSU"
1928,"MIE INSTAN,KEJU,BERAS,AIR MINERAL,TELUR,ROTI"
1929,"SNACK,TELUR,SAUS,MIE INSTAN"
1930,"MINYAK,SUSU,SEREAL,AIR MINERAL,ROTI"
1931,"PASTA GIGI,SABUN,BISKUIT,COKLAT,MIE INSTAN"
1932,"SHAMPOO,SABUN,KEJU,SUSU,TEH,ROTI"
1933,"BISKUIT,SUSU,KOPI,AIR MINERAL,ROTI"
1934,"SNACK,BERAS,BISKUIT,AIR MINERAL"
1935,"SUSU,KOPI,SELai,COKLAT,TELUR,ROTI"
1936,"BISKUIT,SUSU,KOPI,SELai,COKLAT,SAUS"
1937,"BISKUIT,KEJU,SUSU,KOPI,BERAS,COKLAT"
1938,"SABUN,KEJU,SUSU,SEREAL,ROTI"
1939,"TEH,TELUR,BISKUIT,GULA"
1940,"SABUN,KEJU,SUSU,SEREAL,SELai,COKLAT,ROTI"
1941,"SUSU,KEJU,ROTI"
1942,"BERAS,KRIMER,SABUN"
1943,"PASTA GIGI,SHAMPOO,GULA,KOPI,BERAS,KRIMER"
1944,"KEJU,SABUN"
1945,"TEH,SUSU,KEJU,ROTI"
1946,"PASTA GIGI,SEREAL,SABUN"
1947,"PASTA GIGI,SHAMPOO,SABUN,MINYAK,KEJU,TELUR,MIE INSTAN"
1948,"SAUS,SUSU,ROTI"
1949,"SHAMPOO,MINYAK,BERAS,TELUR,ROTI"
1950,"SABUN,SUSU,SEREAL,ROTI"
1951,"TEH,SABUN,BISKUIT,AIR MINERAL"
1952,"SNACK,BISKUIT,TELUR,AIR MINERAL"
1953,"TEH,SUSU,SEREAL,SELai,SNACK,ROTI"
1954,"SHAMPOO,SABUN,SUSU,TEH,ROTI"
1955,"KEJU,SUSU,SELai,TEH,ROTI"
1956,"PASTA GIGI,SHAMPOO,TEH,SABUN,SNACK"
1957,"SHAMPOO,KEJU,SUSU,SEREAL,SELai,SAUS,ROTI"
1958,"SHAMPOO,SUSU,SELai,BERAS,SAUS,ROTI"
1959,"BISKUIT,KEJU,SUSU,KOPI,SELai,ROTI,KRIMER"
1960,"COKLAT,SUSU,SEREAL,ROTI"
1961,"TEH,PASTA GIGI,BISKUIT,GULA"
1962,"TEH,BERAS,BISKUIT,GULA"
1963,"KEJU,COKLAT,AIR MINERAL,SAUS,MIE INSTAN"
1964,"SELai,SAUS,MIE INSTAN,SUSU"
1965,"SELai,SUSU,ROTI,SABUN"
1966,"SUSU,SELai,COKLAT,ROTI,KRIMER"
1967,"SNACK,SELai,SUSU,ROTI"
1968,"BISKUIT,COKLAT,SUSU"
1969,"TELUR,SAUS,MIE INSTAN,SHAMPOO"
1970,"BISKUIT,MINYAK,GULA,KOPI,TEH,SNACK"
1971,"MIE INSTAN,KEJU,SNACK,SAUS,TELUR"
1972,"SHAMPOO,BISKUIT,KEJU,SUSU,AIR MINERAL,SAUS"
1973,"MINYAK,SUSU,BERAS,SELai,AIR MINERAL,TELUR"
1974,"MIE INSTAN,SABUN,MINYAK,BERAS,COKLAT,TELUR"
1975,"SHAMPOO,KEJU,SUSU,SELai,SAUS,ROTI,KRIMER"
1976,"PASTA GIGI,SHAMPOO,SABUN,BISKUIT,AIR MINERAL,SAUS,ROTI"
1977,"PASTA GIGI,SHAMPOO,BISKUIT,SAUS,MIE INSTAN"
1978,"SNACK,TELUR,MIE INSTAN"
1979,"SAUS,BERAS,MINYAK,KEJU"
1980,"MINYAK,KEJU,SUSU,SELai,COKLAT,ROTI"
1981,"TEH,BISKUIT,TELUR,SEREAL"
1982,"TEH,BERAS,MINYAK,SABUN"
1983,"BISKUIT,MINYAK,GULA,SUSU,SEREAL,COKLAT,TELUR"
1984,"SUSU,BISKUIT,ROTI,AIR MINERAL"
1985,"BISKUIT,SUSU,BERAS,AIR MINERAL,SNACK,ROTI"
1986,"BISKUIT,SUSU,SELai,TEH,MIE INSTAN,KRIMER"
1987,"SHAMPOO,GULA,SUSU,SELai,BERAS,ROTI"
1988,"MIE INSTAN,SUSU,ROTI"
1989,"SABUN,GULA,KOPI,TEH,MIE INSTAN,KRIMER"
1990,"BISKUIT,MINYAK,KEJU,AIR MINERAL,SNACK,TELUR"
1991,"BISKUIT,COKLAT,SUSU,SABUN"
1992,"PASTA GIGI,BISKUIT,GULA,AIR MINERAL,TEH"
1993,"SABUN,GULA,SEREAL,KOPI,ROTI"
1994,"SELai,SUSU,ROTI,BISKUIT"
1995,"MINYAK,MIE INSTAN,SUSU,SEREAL"
1996,"PASTA GIGI,SHAMPOO,SABUN"
1997,"KOPI,SNACK,KRIMER"
1998,"TEH,AIR MINERAL,SHAMPOO,SABUN"
1999,"SNACK,BISKUIT,COKLAT,SUSU"
2000,"PASTA GIGI,MIE INSTAN,KRIMER"
